route_no,route_name,name_candidates
1,경부선,경부선=94
10,남해선,남해선=58
12,광주대구선,광주대구선=34 / 무안광주선=11
14,밀양울산선,밀양울산선=6 / 창녕밀양선=2 / 함양울산선=2
15,서해안선,서해안선=62
16,울산선,울산선=5
17,평택화성선,평택화성선=7
20,새만금포항선,새만금포항선=7 / 완주장수선=6 / 대구포항선=4 / 익산장수선=2
25,호남선,호남선=53 / 논산천안선=38
27,순천완주선,순천완주선=19
29,세종포천선,세종포천선=15 / 구리포천선=1
30,서산영덕선,서산영덕선=31 / 당진영덕선=8 / 상주영덕선=4
32,당진청주선,당진청주선=4
35,중부선,중부선=47 / 통영대전선=39 / 대전통영선=10
37,제2중부선,제2중부선=3
40,평택제천선,평택제천선=23
45,중부내륙선,중부내륙선=45 / 중부내륙=2
50,영동선,영동선=58
55,중앙선,중앙선=42
60,서울양양선,서울양양선=20
65,동해선,동해선=21 / 부산포항선=13 / 울산포항선=2
100,수도권제1순환선,수도권제1순환선=36
102,남해제1지선,남해제1지선=5
104,남해제2지선,남해제2지선=8
110,제2경인선,제2경인선=12
120,경인선,경인선=6
151,서천공주선,서천공주선=9
171,오산화성선,오산화성선=1
251,호남선의 지선,호남선의 지선=7 / 호남지선=2
253,고창담양선,고창담양선=8
300,대전남부순환선,대전남부순환선=5
400,수도권제2순환선,수도권제2순환선=5 / 파주양주선=3
451,중부내륙선의 지선,중부내륙선의 지선=8 / 중부내륙지선=4 / 중부내륙선=1
500,광주외곽순환선,광주외곽순환선=3
551,중앙선의 지선,중앙선의 지선=4
600,부산외곽순환선,부산외곽순환선=11 / 부산외곽선=1
700,대구외곽순환선,대구외곽순환선=10
