stat_id,access_type,target_key,detour_km,verified_at,confidence,dist_km,station_name,kind_detail,busi_id,direction,second_rest_area,second_dist_km,address
SGMAC010,REST_AREA,덕평,0,"",HIGH,0.037,덕평자연휴게소(인천방향),C001,SG,양방향,이천(남이),2.868,경기도 이천시 마장면 덕이로154번길 287-76
SGMAC011,REST_AREA,덕평,0,"",HIGH,0.127,덕평자연휴게소(강릉방향),C001,SG,양방향,이천(남이),2.721,경기도 이천시 마장면 덕이로154번길 287-76
SGMAC001,REST_AREA,마장,0,"",HIGH,0.152,마장프리미엄휴게소 상행선,C001,SG,양방향,이천(남이),0.429,경기도 이천시 마장면 중부고속도로 82
CV001776,REST_AREA,안산,0,"",HIGH,0.009,경기안산복합휴게소,C001,CV,양방향,,,경기도 안산시 단원구 영동고속도로 15
CV001160,REST_AREA,안산,0,"",HIGH,0.100,경기안산복합휴게소,C001,CV,양방향,,,경기도 안산시 단원구 영동고속도로 15
EO000309,REST_AREA,처인,0,"",HIGH,0.125,E1 용인처인휴게소(세종방향) 전기차충전소,C001,EO,양방향,,,경기도 용인시 처인구 모현읍 곡현로619번길 36
EO000310,REST_AREA,처인,0,"",HIGH,0.265,E1 용인처인휴게소(포천방향) 전기차충전소,C001,EO,양방향,,,경기도 용인시 처인구 모현읍 곡현로619번길 36
HM110282,REST_AREA,평택,0,"",HIGH,0.132,HK하이웨이 평택휴게소(하행_음성제천방향),C001,HM,양방향,,,경기도 평택시 청북읍 평택제천고속도로 6
HM110281,REST_AREA,평택,0,"",HIGH,0.186,HK하이웨이 평택휴게소(상행_서울인천 방향),C001,HM,양방향,,,경기도 평택시 청북읍 평택제천고속도로 6
SGKHE006,REST_AREA,평택,0,"",HIGH,0.216,평택복합휴게소(제천방향),C001,SG,양방향,,,경기도 평택시 청북읍 평택제천고속도로 6
BE241208,REST_AREA,내린천,0,"",HIGH,0.010,워터 내린천휴게소 서울방향,C001,BE,양방향,,,강원특별자치도 인제군 상남면 서울양양고속도로 117
HD000006,REST_AREA,내린천,0,"",HIGH,0.136,내린천휴게소 (서울방향) E-pit,C001,HD,양방향,,,강원특별자치도 인제군 상남면 서울양양고속도로 117
BE241209,REST_AREA,내린천,0,"",HIGH,0.202,워터 내린천휴게소 양양방향,C001,BE,양방향,,,강원특별자치도 인제군 상남면 서울양양고속도로 117
ST428101,REST_AREA,내린천,0,"",MEDIUM,0.880,내린천휴게소 (양양),C001,ST,양방향,,,강원특별자치도 인제군 상남면 서울양양고속도로 117-2
GS000087,REST_AREA,행담도,0,"",LOW,0.001,행담도휴게소,E007,GS,양방향,,,충청남도 당진시 신평면 서해안고속도로 275
SGMAC008,REST_AREA,행담도,0,"",HIGH,0.095,행담도휴게소(하행선),C001,SG,양방향,,,충청남도 당진시 신평면 서해안고속도로 275
SGMAC007,REST_AREA,행담도,0,"",HIGH,0.097,행담도휴게소(상행선),C001,SG,양방향,,,충청남도 당진시 신평면 서해안고속도로 275
CV004770,REST_AREA,시흥하늘,0,"",HIGH,0.082,시흥하늘휴게소(판교방향 1층),C001,CV,양방향,,,경기도 시흥시 조남동 193
CV004580,REST_AREA,시흥하늘,0,"",HIGH,0.145,시흥하늘휴게소(판교방향 2층),C001,CV,양방향,,,경기도 시흥시 조남동 198-22
CV004565,REST_AREA,시흥하늘,0,"",HIGH,0.165,시흥하늘휴게소(일산방향),C001,CV,양방향,,,경기도 시흥시 수도권제1순환고속도로 105-1
EV000133,REST_AREA,시흥하늘,0,"",LOW,0.187,경기시흥 목감아트하우스27,A004,EV,양방향,,,경기도 시흥시 목감초등길 27
PL000480,REST_AREA,시흥하늘,0,"",LOW,0.213,수정아파트(조남동),H001,PL,양방향,,,경기도 시흥시 목감초등길 28
ME18C506,REST_AREA,옥천만남,0,"",LOW,0.109,옥천만남 휴게소,C002,ME,양방향,옥천(부산),2.332,충청북도 옥천군 옥천읍 삼양리 125
ME178016,REST_AREA,옥천만남,0,"",HIGH,0.116,옥천만남 휴게소,C001,ME,양방향,옥천(부산),2.330,충청북도 옥천군 옥천읍 중앙로 135 (삼양리)
EV015015,REST_AREA,옥천만남,0,"",LOW,0.130,충북옥천 내트럭하우스 옥천사업소 2,H003,EV,양방향,옥천(부산),2.348,충청북도 옥천군 옥천읍 중앙로 135
EV015014,REST_AREA,옥천만남,0,"",LOW,0.145,충북옥천 내트럭하우스 옥천사업소 1,H003,EV,양방향,옥천(부산),2.352,충청북도 옥천군 옥천읍 중앙로 135
ER000590,REST_AREA,옥천만남,0,"",LOW,0.206,옥천고등학교,J001,ER,양방향,옥천(부산),2.595,충북 옥천군 옥천읍 중앙로 115
CV000716,REST_AREA,옥천만남,0,"",LOW,0.282,한국농어촌공사 옥천영동지사,A003,CV,양방향,옥천(부산),2.342,충청북도 옥천군 옥천읍 중앙로 155
KP004983,REST_AREA,옥천만남,0,"",LOW,0.284,옥천군청,A002,KP,양방향,옥천(부산),2.381,충청북도 옥천군 옥천읍 동부로 39-2
ME19C254,REST_AREA,옥천만남,0,"",LOW,0.291,옥천읍사무소,A002,ME,양방향,옥천(부산),2.169,충청북도 옥천군 옥천읍 문정리 439
ME178066,REST_AREA,하남드림,0,"",HIGH,0.074,하남드림 휴게소,C001,ME,양방향,,,경기도 하남시 중부고속도로 117-1 (천현동)
ST414517,REST_AREA,하남드림,0,"",MEDIUM,1.231,서하남 간이 휴게소 (판교),C001,ST,양방향,,,경기도 하남시 수도권제1순환고속도로 19
SGMAC025,REST_AREA,장흥정남진,0,"",HIGH,0.074,장흥정남진휴게소(목포),C001,SG,양방향,,,전남광주통합특별시 장흥군 부산면 남해고속도로 41
ME21A914,REST_AREA,장흥정남진,0,"",HIGH,0.178,장흥정남진 휴게소,C001,ME,양방향,,,전남광주통합특별시 장흥군 부산면 호계리 산215-2
BE241241,REST_AREA,김해금관가야,0,"",HIGH,0.069,워터 김해금관가야휴게소 창원방향,C001,BE,양방향,,,경상남도 김해시 대동면 동남로 400
ST482520,REST_AREA,김해금관가야,0,"",HIGH,0.084,김해금관가야휴게소 (창원),C001,ST,양방향,,,경상남도 김해시 대동면 동남로 400
BE241240,REST_AREA,김해금관가야,0,"",HIGH,0.157,워터 김해금관가야휴게소 기장방향,C001,BE,양방향,,,경상남도 김해시 대동면 월촌리 773
ST488205,REST_AREA,고성공룡나라(대전),0,"",HIGH,0.073,고성공룡나라휴게소 (대전),C001,ST,상행,고성공룡나라(통영),1.057,경상남도 고성군 대가면 통영대전고속도로 32
ME178049,REST_AREA,고성공룡나라(대전),0,"",HIGH,0.102,고성공룡나라(대전) 휴게소,C001,ME,상행,고성공룡나라(통영),1.192,경상남도 고성군 대가면 통영대전고속도로 32 (신전리)
BE241238,REST_AREA,고성공룡나라(대전),0,"",HIGH,0.128,워터 고성공룡나라휴게소 대전방향,C001,BE,상행,고성공룡나라(통영),0.963,경상남도 고성군 대가면 통영대전고속도로 32
BE241239,REST_AREA,고성공룡나라(통영),0,"",HIGH,0.039,워터 고성공룡나라휴게소 통영방향,C001,BE,하행,고성공룡나라(대전),1.122,경상남도 고성군 대가면 통영대전고속도로 29
ST488204,REST_AREA,고성공룡나라(통영),0,"",HIGH,0.068,고성공룡나라휴게소 (통영),C001,ST,하행,고성공룡나라(대전),1.139,경상남도 고성군 대가면 통영대전고속도로 29
ME178048,REST_AREA,고성공룡나라(통영),0,"",HIGH,0.123,고성공룡나라(통영) 휴게소,C001,ME,하행,고성공룡나라(대전),1.209,경상남도 고성군 대가면 통영대전고속도로 29 (송계리)
ME21A909,REST_AREA,금산인삼랜드(대전),0,"",HIGH,0.026,금산인삼랜드(대전) 휴게소,C001,ME,상행,금산인삼랜드(통영),0.242,충청남도 금산군 군북면 대암길 34-30
ST601532,REST_AREA,금산인삼랜드(대전),0,"",HIGH,0.094,금산인삼랜드휴게소 (대전),C001,ST,상행,금산인삼랜드(통영),0.204,충청남도 금산군 군북면 대암길 34-30
ME178055,REST_AREA,금산인삼랜드(대전),0,"",HIGH,0.116,금산인삼랜드(대전) 휴게소,C001,ME,상행,금산인삼랜드(통영),0.248,충청남도 금산군 군북면 대암길 34-30 (외부리)
SGMAC035,REST_AREA,금산인삼랜드(통영),0,"",HIGH,0.128,금산인삼랜드휴게소(통영),C001,SG,하행,금산인삼랜드(대전),0.237,충청남도 금산군 군북면 어필각로 300
ST447102,REST_AREA,금산인삼랜드(통영),0,"",HIGH,0.200,금산인삼랜드휴게소 (통영),C001,ST,하행,금산인삼랜드(대전),0.222,충청남도 금산군 군북면 어필각로 300
SGMAC037,REST_AREA,부안고려청자(목포),0,"",HIGH,0.032,부안고려청자휴게소(목포),C001,SG,상행,부안고려청자(서울),0.248,전북특별자치도 부안군 주산면 서해안고속도로 103
ME22C1E3,REST_AREA,부안고려청자(목포),0,"",HIGH,0.045,부안고려청자(목포)휴게소,C001,ME,상행,부안고려청자(서울),0.263,전북특별자치도 부안군 주산면 덕림리 933-7
ME22B333,REST_AREA,부안고려청자(목포),0,"",HIGH,0.045,부안고려청자(목포)휴게소,C001,ME,상행,부안고려청자(서울),0.263,전북특별자치도 부안군 주산면 덕림리 933-7
SGMAC038,REST_AREA,부안고려청자(서울),0,"",HIGH,0.060,부안고려청자휴게소(서울),C001,SG,상행,부안고려청자(목포),0.255,전북특별자치도 부안군 주산면 서해안고속도로 106
ME22C1E2,REST_AREA,부안고려청자(서울),0,"",HIGH,0.099,부안고려청자(서울)휴게소,C001,ME,상행,부안고려청자(목포),0.273,전북특별자치도 부안군 주산면 덕림리 922-19
ME22B332,REST_AREA,부안고려청자(서울),0,"",HIGH,0.099,부안고려청자(서울)휴게소,C001,ME,상행,부안고려청자(목포),0.273,전북특별자치도 부안군 주산면 덕림리 922-19
ME21A307,REST_AREA,입장거봉포도(서울),0,"",HIGH,0.157,입장거봉포도(서울) 휴게소,C001,ME,상행,,,충청남도 천안시 서북구 입장면 연곡길 407
ME178010,REST_AREA,입장거봉포도(서울),0,"",HIGH,0.170,입장거봉포도(서울) 휴게소,C001,ME,상행,,,충청남도 천안시 서북구 입장면 연곡길 407
ST441325,REST_AREA,입장거봉포도(서울),0,"",HIGH,0.205,입장휴게소 (서울),C001,ST,상행,,,충청남도 천안시 서북구 입장면 연곡길 407
EC450023,REST_AREA,정읍녹두장군(순천),0,"",HIGH,0.036,정읍녹두장군휴게소 (순천방향) (급),C001,EC,하행,정읍녹두장군(천안),0.236,전북특별자치도 정읍시 북면 정신로 135-61
ME178041,REST_AREA,정읍녹두장군(순천),0,"",HIGH,0.062,정읍녹두장군(순천) 휴게소,C001,ME,하행,정읍녹두장군(천안),0.234,전북특별자치도 정읍시 북면 정신로 135-61 (남산리)
ME21A107,REST_AREA,정읍녹두장군(천안),0,"",HIGH,0.036,정읍녹두장군(천안) 휴게소,C001,ME,상행,정읍녹두장군(순천),0.239,전북특별자치도 정읍시 북면 하북1길 227-23
ST601836,REST_AREA,정읍녹두장군(천안),0,"",HIGH,0.064,정읍녹두장군 휴게소 (천안),C001,ST,상행,정읍녹두장군(순천),0.225,전북특별자치도 정읍시 북면 하북1길 227-21
EC450025,REST_AREA,정읍녹두장군(천안),0,"",HIGH,0.098,정읍녹두장군휴게소 (천안방향)(급),C001,EC,상행,정읍녹두장군(순천),0.308,전북특별자치도 정읍시 북면 하북1길 227-24
EC450024,REST_AREA,정읍녹두장군(천안),0,"",HIGH,0.386,정읍녹두장군휴게소 (천안방향) (급),C001,EC,상행,정읍녹두장군(순천),0.621,전북특별자치도 정읍시 북면 하북1길 227-17
ME21A912,REST_AREA,고창고인돌(목포),0,"",HIGH,0.030,고창고인돌(목포) 휴게소,C001,ME,하행,고창고인돌(서울),0.710,전북특별자치도 고창군 신림면 서해안고속도로 81
ST601531,REST_AREA,고창고인돌(목포),0,"",HIGH,0.147,고창고인돌휴게소 (목포),C001,ST,하행,고창고인돌(서울),0.867,전북특별자치도 고창군 신림면 서해안고속도로 81
SGMAC024,REST_AREA,고창고인돌(서울),0,"",HIGH,0.119,고창고인돌휴게소(서울),C001,SG,상행,고창고인돌(목포),0.835,전북특별자치도 고창군 고창읍 서해안고속도로 80
ST457902,REST_AREA,고창고인돌(서울),0,"",HIGH,0.181,고창고인돌휴게소 (시흥),C001,ST,상행,고창고인돌(목포),0.847,전북특별자치도 고창군 고창읍 서해안고속도로 80
ST478401,REST_AREA,남성주참외(양평),0,"",HIGH,0.125,남성주휴게소 (양평),C001,ST,상행,남성주참외(창원),1.332,경상북도 성주군 용암면 중부내륙고속도로 76
BE241231,REST_AREA,남성주참외(양평),0,"",HIGH,0.156,워터 남성주참외휴게소 양평방향,C001,BE,상행,남성주참외(창원),1.364,경상북도 성주군 용암면 중부내륙고속도로 76
ME21A105,REST_AREA,남성주참외(창원),0,"",HIGH,0.055,남성주참외(창원) 휴게소,C001,ME,하행,남성주참외(양평),1.265,경상북도 성주군 선남면 명포리 883
EC470009,REST_AREA,남성주참외(창원),0,"",HIGH,0.065,남성주참외휴게소 (창원방향) (급),C001,EC,하행,남성주참외(양평),1.275,경상북도 성주군 선남면 중부내륙고속도로 77
CV004575,REST_AREA,남성주참외(창원),0,"",HIGH,0.085,남성주참외휴게소(창원방향),C001,CV,하행,남성주참외(양평),1.128,경상북도 성주군 선남면 중부내륙고속도로 77
ST431148,REST_AREA,문의청남대(영덕),0,"",HIGH,0.129,문의청남대휴게소 (영덕),C001,ST,하행,문의청남대(청주),0.154,충청북도 청주시 상당구 문의면 당진영덕고속도로 124
ST431147,REST_AREA,문의청남대(청주),0,"",HIGH,0.014,문의청남대휴게소 (청주),C001,ST,상행,문의청남대(영덕),0.196,충청북도 청주시 상당구 문의면 당진영덕고속도로 123
SGMAC054,REST_AREA,밀양영남루(울산),0,"",HIGH,0.094,밀양영남루휴게소(함양),C001,SG,하행,밀양영남루(함양),0.270,경상남도 밀양시 무안면 함양울산고속도로 87-1
SGMAC053,REST_AREA,밀양영남루(함양),0,"",HIGH,0.028,밀양영남루휴게소(울산),C001,SG,상행,밀양영남루(울산),0.345,경상남도 밀양시 무안면 함양울산고속도로 88
ST601844,REST_AREA,진안마이산(익산),0,"",HIGH,0.011,진안마이산 휴게소 (익산),C001,ST,하행,진안마이산(장수),0.345,전북특별자치도 진안군 진안읍 익산장수고속도로 41
ME178100,REST_AREA,진안마이산(익산),0,"",HIGH,0.059,진안마이산(익산) 휴게소,C001,ME,하행,진안마이산(장수),0.388,전북특별자치도 진안군 진안읍 익산장수고속도로 41 (단양리)
ME21A212,REST_AREA,진안마이산(익산),0,"",HIGH,0.068,진안마이산(익산) 휴게소,C001,ME,하행,진안마이산(장수),0.386,전북특별자치도 진안군 진안읍 익산장수고속도로 41
ME178101,REST_AREA,진안마이산(장수),0,"",HIGH,0.014,진안마이산(장수) 휴게소,C001,ME,상행,진안마이산(익산),0.343,전북특별자치도 진안군 진안읍 익산장수고속도로 42 (단양리)
EC450026,REST_AREA,진안마이산(장수),0,"",HIGH,0.043,진안마이산휴게소 (장수방향) (급),C001,EC,상행,진안마이산(익산),0.314,전북특별자치도 진안군 진안읍 익산장수고속도로 42
ME21A309,REST_AREA,천안삼거리(서울),0,"",HIGH,0.017,천안삼거리(서울) 휴게소,C001,ME,상행,,,충청남도 천안시 동남구 구성동 153-77
ME178011,REST_AREA,천안삼거리(서울),0,"",HIGH,0.045,천안삼거리(서울) 휴게소,C001,ME,상행,,,충청남도 천안시 동남구 쉼1길 42 (삼룡동)173-1
PI645106,REST_AREA,천안삼거리(서울),0,"",LOW,0.269,BMW차징스테이션 베리컨벤션,G004,PI,상행,,,충청남도 천안시 동남구 해솔1길 27
ME21B413,REST_AREA,단양팔경(부산),0,"",HIGH,0.041,단양팔경(부산) 휴게소,C001,ME,상행,,,충청북도 단양군 적성면 기동2길 32-37
ME22C402,REST_AREA,단양팔경(부산),0,"",HIGH,0.111,단양팔경(부산)휴게소,C001,ME,상행,,,충청북도 단양군 적성면 기동2길 32-37
EC430006,REST_AREA,단양팔경(부산),0,"",HIGH,0.120,단양팔경휴게소 (부산방향) (급),C001,EC,상행,,,충청북도 단양군 적성면 기동2길 32-37
ME178075,REST_AREA,단양팔경(부산),0,"",HIGH,0.121,단양팔경(부산) 휴게소,C001,ME,상행,,,충청북도 단양군 적성면 기동2길 32-37 (기동리)
ME21A402,REST_AREA,단양팔경(춘천),0,"",HIGH,0.042,단양팔경(춘천) 휴게소,C001,ME,하행,,,충청북도 단양군 단성면 하방3길 100
ME22C303,REST_AREA,단양팔경(춘천),0,"",HIGH,0.066,단양팔경(춘천)휴게소,C001,ME,하행,,,충청북도 단양군 단성면 하방3길 100
ME178076,REST_AREA,단양팔경(춘천),0,"",HIGH,0.140,단양팔경(춘천) 휴게소,C001,ME,하행,,,충청북도 단양군 단성면 하방3길 100 (하방리)
EC430007,REST_AREA,단양팔경(춘천),0,"",HIGH,0.140,단양팔경휴게소 (춘천방향) (급),C001,EC,하행,,,충청북도 단양군 단성면 하방3길 100
SGMAC027,REST_AREA,보성녹차(영암),0,"",HIGH,0.076,보성녹차휴게소(순천),C001,SG,상행,보성녹차(순천),0.076,전남광주통합특별시 보성군 겸백면 남해고속도로 70
KP005462,REST_AREA,보성녹차(영암),0,"",HIGH,0.342,보성녹차(순천)휴게소,C001,KP,상행,보성녹차(순천),0.342,전남광주통합특별시 보성군 겸백면 남해고속도로 70
ME178126,REST_AREA,부여백제(공주),0,"",HIGH,0.146,부여백제(공주) 휴게소,C001,ME,상행,부여백제(서천),0.381,충청남도 부여군 내산면 서천공주고속도로 26 (율암리)
ME178127,REST_AREA,부여백제(서천),0,"",HIGH,0.155,부여백제(서천) 휴게소,C001,ME,하행,부여백제(공주),0.382,충청남도 부여군 내산면 서천공주고속도로 25 (율암리)
ME178009,REST_AREA,서울만남(부산),0,"",HIGH,0.020,서울만남(부산) 휴게소,C001,ME,하행,,,서울특별시 서초구 양재대로12길 73-71 (원지동)
ST116534,REST_AREA,서울만남(부산),0,"",HIGH,0.075,서울만남휴게소 (부산),C001,ST,하행,,,서울특별시 서초구 양재대로12길 73-71
PI204090,REST_AREA,서울만남(부산),0,"",LOW,0.139,서울시 서초구 서초종합체육관,A004,PI,하행,,,서울특별시 서초구 양재대로12길 73-48
HE000423,REST_AREA,서울만남(부산),0,"",LOW,0.264,하나로마트 양재점,H003,HE,하행,,,서울특별시 서초구 청계산로
ME184016,REST_AREA,안성맞춤(제천),0,"",HIGH,0.050,안성맞춤(제천) 휴게소,C001,ME,하행,안성맞춤(평택),0.196,경기도 안성시 서운면 평택제천고속도로 40
ME178109,REST_AREA,안성맞춤(제천),0,"",HIGH,0.066,안성맞춤(제천) 휴게소,C001,ME,하행,안성맞춤(평택),0.209,경기도 안성시 서운면 신능리 51-11
ME22B310,REST_AREA,안성맞춤(제천),0,"",HIGH,0.073,안성맞춤(제천)휴게소,C001,ME,하행,안성맞춤(평택),0.211,경기도 안성시 서운면 평택제천고속도로 40
ME22C160,REST_AREA,안성맞춤(제천),0,"",HIGH,0.073,안성맞춤(제천)휴게소,C001,ME,하행,안성맞춤(평택),0.211,경기도 안성시 서운면 평택제천고속도로 40
ME21A905,REST_AREA,안성맞춤(평택),0,"",HIGH,0.030,안성맞춤(평택) 휴게소,C001,ME,상행,안성맞춤(제천),0.179,경기도 안성시 서운면 평택제천고속도로 41
ME21A209,REST_AREA,천안호두(부산),0,"",HIGH,0.021,천안호두(부산) 휴게소,C001,ME,하행,,,충청남도 천안시 동남구 성남면 대화리 산8-12
EC440004,REST_AREA,천안호두(부산),0,"",HIGH,0.075,천안호두휴게소 (부산방향) (급),C001,EC,하행,,,충청남도 천안시 동남구 수신면 성남로 793-40
SGMAC033,REST_AREA,함평나비(광주),0,"",HIGH,0.068,함평나비휴게소(광주),C001,SG,상행,함평나비(무안),0.322,전남광주통합특별시 함평군 엄다면 무안광주고속도로 12
HD000012,REST_AREA,함평나비(무안),0,"",HIGH,0.109,함평나비휴게소 (무안방향) E-pit,C001,HD,하행,함평나비(광주),0.207,전남광주통합특별시 함평군 엄다면 무안광주고속도로 11
ST468601,REST_AREA,함평나비(무안),0,"",HIGH,0.125,함평나비휴게소 (광주),C001,ST,하행,함평나비(광주),0.222,전남광주통합특별시 함평군 엄다면 무안광주고속도로 12
ME21X006,REST_AREA,함평천지(목포),0,"",HIGH,0.058,함평천지(목포) 휴게소,C001,ME,하행,,,전남광주통합특별시 함평군 함평읍 서해안고속도로 31
SGMAC029,REST_AREA,함평천지(목포),0,"",HIGH,0.103,함평천지휴게소(목포),C001,SG,하행,,,전남광주통합특별시 함평군 함평읍 서해안고속도로 31
CV004574,REST_AREA,함평천지(서울),0,"",HIGH,0.070,함평천지휴게소(서울방향),C001,CV,상행,,,전남광주통합특별시 함평군 손불면 서해안고속도로 38
ME21D028,REST_AREA,함평천지(서울),0,"",HIGH,0.104,함평천지(서울) 휴게소,C001,ME,상행,,,전남광주통합특별시 함평군 손불면 서해안고속도로 38
ME178024,REST_AREA,함평천지(서울),0,"",HIGH,0.137,함평천지(서울) 휴게소,C001,ME,상행,,,전남광주통합특별시 함평군 함평읍 서해안고속도로 38 (죽암리)
ME18A167,REST_AREA,강천산(광주),0,"",HIGH,0.002,강천산(광주) 휴게소,C001,ME,하행,강천산(대구),0.168,전북특별자치도 순창군 순창읍 광주대구고속도로 27
ME19D103,REST_AREA,강천산(광주),0,"",LOW,0.035,강천산(광주) 휴게소,C002,ME,하행,강천산(대구),0.151,전북특별자치도 순창군 순창읍 광주대구고속도로 27
ME21B242,REST_AREA,강천산(광주),0,"",LOW,0.161,순창군청장류사업소,A004,ME,하행,강천산(대구),0.268,전북특별자치도 순창군 순창읍 백산리 739-2
ME178094,REST_AREA,강천산(대구),0,"",HIGH,0.027,강천산(대구) 휴게소,C001,ME,상행,강천산(광주),0.173,전북특별자치도 순창군 순창읍 88올림픽고속도로 22 (백산리)
EC410101,REST_AREA,남한강(통합),0,"",HIGH,0.070,남한강(포천)휴게소 (급),C001,EC,양방향,,,경기도 양평군 강상면 병산리 722-12
EC410100,REST_AREA,남한강(통합),0,"",HIGH,0.094,남한강(창원)휴게소 (급),C001,EC,양방향,,,경기도 양평군 강상면 병산리 778-5
SGMAC031,REST_AREA,덕유산(대전),0,"",HIGH,0.055,덕유산휴게소(대전),C001,SG,상행,덕유산(통영),0.465,전북특별자치도 무주군 안성면 통영대전고속도로 148
ST457303,REST_AREA,덕유산(대전),0,"",HIGH,0.184,덕유산휴게소 (하남),C001,ST,상행,덕유산(통영),0.250,전북특별자치도 무주군 안성면 통영대전고속도로 148
SGMAC019,REST_AREA,덕유산(통영),0,"",HIGH,0.098,덕유산휴게소(통영),C001,SG,하행,덕유산(대전),0.341,전북특별자치도 장수군 계북면 통영대전고속도로 147
ST457402,REST_AREA,덕유산(통영),0,"",HIGH,0.183,덕유산휴게소 (통영),C001,ST,하행,덕유산(대전),0.565,전북특별자치도 장수군 계북면 통영대전고속도로 147
KP005443,REST_AREA,백양사(순천),0,"",HIGH,0.048,백양사(순천) 휴게소,C001,KP,하행,백양사(천안),0.218,전남광주통합특별시 장성군 북이면 모현2길 90-1
SGMAC046,REST_AREA,백양사(순천),0,"",HIGH,0.053,백양사휴게소(순천),C001,SG,하행,백양사(천안),0.211,전남광주통합특별시 장성군 북이면 호남고속도로 107
KP005444,REST_AREA,백양사(천안),0,"",HIGH,0.025,백양사(천안) 휴게소,C001,KP,상행,백양사(순천),0.224,전남광주통합특별시 장성군 북일면 호남고속도로 108
SGMAC030,REST_AREA,백양사(천안),0,"",HIGH,0.070,백양사휴게소(천안),C001,SG,상행,백양사(순천),0.199,전남광주통합특별시 장성군 북일면 호남고속도로 108
SGKHE002,REST_AREA,서부산(순천),0,"",HIGH,0.015,SK엔크린 서부산휴게소,C001,SG,하행,,,부산광역시 강서구 남해2지선고속도로 19
SGKHE001,REST_AREA,서부산(순천),0,"",HIGH,0.104,서부산휴게소,C001,SG,하행,,,부산광역시 강서구 남해2지선고속도로 19
EC410099,REST_AREA,서여주(양평),0,"",HIGH,0.054,서여주휴게소(양평방향) (급),C001,EC,상행,서여주(창원),0.232,경기도 여주시 세종대왕면 중부내륙고속도로 272
ST601528,REST_AREA,서여주(양평),0,"",HIGH,0.081,서여주휴게소 (양평),C001,ST,상행,서여주(창원),0.199,경기도 여주시 세종대왕면 중부내륙고속도로 272
BE241211,REST_AREA,서여주(창원),0,"",HIGH,0.053,워터 서여주휴게소 창원방향,C001,BE,하행,서여주(양평),0.195,경기도 여주시 세종대왕면 중부내륙고속도로 271
SGMAC049,REST_AREA,섬진강(부산),0,"",HIGH,0.069,섬진강휴게소(부산),C001,SG,상행,섬진강(순천),0.197,전남광주통합특별시 광양시 진월면 섬진강매화로 141
KP005456,REST_AREA,섬진강(부산),0,"",MEDIUM,0.526,(고속도로)섬진강휴게소 부산방향,C001,KP,상행,섬진강(순천),0.633,전남광주통합특별시 광양시 진월면 섬진강매화로 141
SGMAC055,REST_AREA,섬진강(순천),0,"",HIGH,0.100,섬진강휴게소(순천),C001,SG,하행,섬진강(부산),0.211,전남광주통합특별시 광양시 진월면 신답길 24-14
KP005455,REST_AREA,섬진강(순천),0,"",HIGH,0.108,섬진강휴게소 순천방향,C001,KP,하행,섬진강(부산),0.192,전남광주통합특별시 광양시 진월면 신답길 24-14
ME21A915,REST_AREA,속리산(청주),0,"",HIGH,0.092,속리산(청주) 휴게소,C001,ME,상행,,,충청북도 보은군 마로면 적암리 182-7
EC430008,REST_AREA,속리산(청주),0,"",HIGH,0.103,속리산휴게소 (청주방향) (급),C001,EC,상행,,,충청북도 보은군 마로면 적암길 56-18
ME21A906,REST_AREA,신탄진(서울),0,"",HIGH,0.027,신탄진(서울) 휴게소,C001,ME,상행,,,대전광역시 대덕구 상서동 373-21
SGMAC060,REST_AREA,신탄진(서울),0,"",HIGH,0.111,신탄진휴게소(국도부),C001,SG,상행,,,대전광역시 대덕구 상서동 241-2
EP190109,REST_AREA,신탄진(서울),0,"",LOW,0.190,상서주유소(조금자),E007,EP,상행,,,대전광역시 대덕구 신탄진로 519
ST302307,REST_AREA,신탄진(서울),0,"",HIGH,0.192,신탄진휴게소 (서울),C001,ST,상행,,,대전광역시 대덕구 산업단지로 27
GS000160,REST_AREA,신탄진(서울),0,"",LOW,0.224,상서금강주유소,E007,GS,상행,,,대전광역시 대덕구 신탄진로 536
SGMAC036,REST_AREA,지리산(광주),0,"",HIGH,0.091,지리산휴게소(광주),C001,SG,하행,지리산(대구),0.272,전북특별자치도 남원시 아영면 광주대구고속도로 75
KP005439,REST_AREA,지리산(대구),0,"",HIGH,0.045,지리산휴게소 대구방향,C001,KP,상행,지리산(광주),0.294,전북특별자치도 남원시 아영면 광주대구고속도로 76
SGMAC043,REST_AREA,지리산(대구),0,"",HIGH,0.076,지리산휴게소(대구),C001,SG,상행,지리산(광주),0.349,전북특별자치도 남원시 아영면 광주대구고속도로 76-1
ME21A217,REST_AREA,천등산(제천),0,"",HIGH,0.007,천등산(제천) 휴게소,C001,ME,하행,,,충청북도 충주시 산척면 평택제천고속도로 106
BE241227,REST_AREA,천등산(제천),0,"",HIGH,0.016,워터 천등산휴게소 제천방향,C001,BE,하행,,,충청북도 충주시 산척면 평택제천고속도로 106
ME18C291,REST_AREA,천등산(제천),0,"",HIGH,0.067,천등산(제천) 휴게소,C001,ME,하행,,,충청북도 충주시 산척면 용암길 94
ME21A218,REST_AREA,천등산(평택),0,"",HIGH,0.038,천등산(평택) 휴게소,C001,ME,상행,,,충청북도 충주시 산척면 평택제천고속도로 109
BE241228,REST_AREA,천등산(평택),0,"",HIGH,0.082,워터 천등산휴게소 평택방향,C001,BE,상행,,,충청북도 충주시 산척면 평택제천고속도로 109
ME21A902,REST_AREA,추풍령(부산),0,"",HIGH,0.053,추풍령(부산) 휴게소,C001,ME,하행,추풍령(서울),0.224,경상북도 김천시 봉산면 경부고속도로 213
CV004577,REST_AREA,추풍령(부산),0,"",HIGH,0.129,추풍령휴게소(부산방향),C001,CV,하행,추풍령(서울),0.322,경상북도 김천시 봉산면 경부고속도로 213-1
EC470016,REST_AREA,추풍령(서울),0,"",HIGH,0.040,추풍령(부산)휴게소 (급),C001,EC,상행,추풍령(부산),0.296,경상북도 김천시 봉산면 경부고속도로 214-1
EC470013,REST_AREA,추풍령(서울),0,"",HIGH,0.040,추풍령(서울)휴게소 (급),C001,EC,상행,추풍령(부산),0.296,경상북도 김천시 봉산면 경부고속도로 214-1
EC470014,REST_AREA,추풍령(서울),0,"",HIGH,0.040,추풍령(서울)휴게소 (급),C001,EC,상행,추풍령(부산),0.296,경상북도 김천시 봉산면 경부고속도로 214-1
EC470015,REST_AREA,추풍령(서울),0,"",HIGH,0.040,추풍령(부산)휴게소 (급),C001,EC,상행,추풍령(부산),0.296,경상북도 김천시 봉산면 경부고속도로 214-1
ME21A901,REST_AREA,추풍령(서울),0,"",HIGH,0.072,추풍령(서울) 휴게소,C001,ME,상행,추풍령(부산),0.257,경상북도 김천시 봉산면 경부고속도로 214-1
KP005345,REST_AREA,통도사(부산),0,"",HIGH,0.068,(고속도로)통도사휴게소 부산방향,C001,KP,하행,울주(함양),4.337,경상남도 양산시 하북면 경부고속도로 31-1
EC480012,REST_AREA,통도사(부산),0,"",HIGH,0.179,통도사(부산)휴게소 (급),C001,EC,하행,울주(함양),4.182,경상남도 양산시 하북면 경부고속도로 31-1
EC480011,REST_AREA,통도사(부산),0,"",HIGH,0.179,통도사(부산)휴게소 (급),C001,EC,하행,울주(함양),4.182,경상남도 양산시 하북면 경부고속도로 31-1
BE241221,REST_AREA,홍천강(춘천),0,"",HIGH,0.061,워터 홍천강휴게소 춘천방향,C001,BE,상행,,,강원특별자치도 홍천군 북방면 도사곡길 223
ST427204,REST_AREA,홍천강(춘천),0,"",HIGH,0.188,홍천강휴게소 (춘천),C001,ST,상행,,,강원특별자치도 홍천군 북방면 도사곡길 223
EZ001076,REST_AREA,홍천강(춘천),0,"",LOW,0.234,더테라스,E003,EZ,상행,,,강원특별자치도 홍천군 북방면 도사곡길 230
BE241245,REST_AREA,장유(서부산),0,"",HIGH,0.081,워터 장유휴게소 서부산방향,C001,BE,하행,,,경상남도 김해시 장유로116번길 44-82
BE241206,REST_AREA,강릉(강릉),0,"",HIGH,0.052,워터 강릉대관령휴게소 강릉방향,C001,BE,하행,강릉(인천),0.305,강원특별자치도 강릉시 성산면 영동고속도로 232
ST421512,REST_AREA,강릉(강릉),0,"",HIGH,0.094,대관령 강릉휴게소 (강릉),C001,ST,하행,강릉(인천),0.343,강원특별자치도 강릉시 성산면 영동고속도로 232
BE241207,REST_AREA,강릉(인천),0,"",HIGH,0.132,워터 강릉대관령휴게소 인천방향,C001,BE,상행,강릉(강릉),0.205,강원특별자치도 강릉시 성산면 영동고속도로 231
ST421513,REST_AREA,강릉(인천),0,"",HIGH,0.200,대관령 강릉휴게소 (인천),C001,ST,상행,강릉(강릉),0.193,강원특별자치도 강릉시 성산면 영동고속도로 231
ME178089,REST_AREA,거창(광주),0,"",HIGH,0.059,거창(광주) 휴게소,C001,ME,하행,거창(대구),0.225,경상남도 거창군 가조면 가조가야로 1523 (도리)
ME21A219,REST_AREA,거창(광주),0,"",HIGH,0.066,거창(광주) 휴게소,C001,ME,하행,거창(대구),0.219,경상남도 거창군 가조면 가조가야로 1523
ME22C128,REST_AREA,거창(광주),0,"",HIGH,0.072,거창(광주)휴게소,C001,ME,하행,거창(대구),0.222,경상남도 거창군 가조면 가조가야로 1543-81
CV004567,REST_AREA,거창(광주),0,"",HIGH,0.094,거창휴게소(광주방향),C001,CV,하행,거창(대구),0.271,경상남도 거창군 가조면 가조가야로 1543-81
ME21A220,REST_AREA,거창(대구),0,"",HIGH,0.039,거창(대구) 휴게소,C001,ME,상행,거창(광주),0.319,경상남도 거창군 가조면 도리 454-9
CV004561,REST_AREA,거창(대구),0,"",HIGH,0.068,거창휴게소(대구방향),C001,CV,상행,거창(광주),0.309,경상남도 거창군 가조면 가조가야로 1523
ME178090,REST_AREA,거창(대구),0,"",HIGH,0.089,거창(대구) 휴게소,C001,ME,상행,거창(광주),0.359,경상남도 거창군 가조면 도리 453
ME178046,REST_AREA,건천(부산),0,"",HIGH,0.080,건천(부산) 휴게소,C001,ME,하행,건천(서울),0.196,경상북도 경주시 건천읍 경부고속도로 77 (방내리)
ME21A304,REST_AREA,건천(부산),0,"",HIGH,0.087,건천(부산) 휴게소,C001,ME,하행,건천(서울),0.182,경상북도 경주시 건천읍 방내리 12-5
ME18C137,REST_AREA,건천(부산),0,"",HIGH,0.089,건천(부산) 휴게소,C001,ME,하행,건천(서울),0.178,경상북도 경주시 건천읍 경부고속도로 77
ME21A204,REST_AREA,건천(서울),0,"",HIGH,0.062,건천(서울) 휴게소,C001,ME,상행,건천(부산),0.132,경상북도 경주시 건천읍 경부고속도로 76-1
ME21A302,REST_AREA,경산(서울),0,"",HIGH,0.051,경산(서울) 휴게소,C001,ME,상행,,,경상북도 경산시 진량읍 대학로 1089
CV004586,REST_AREA,경산(서울),0,"",HIGH,0.092,경산휴게소(서울방향),C001,CV,상행,,,경상북도 경산시 진량읍 대학로 1089
BE241237,REST_AREA,경주(부산),0,"",HIGH,0.034,워터 경주휴게소 부산방향,C001,BE,하행,,,경상북도 경주시 내남면 경부고속도로 59
ST471319,REST_AREA,경주(부산),0,"",HIGH,0.196,경주휴게소 (부산),C001,ST,하행,,,경상북도 경주시 내남면 경부고속도로 59
KP005478,REST_AREA,곡성(순천),0,"",HIGH,0.041,(고속도로)곡성휴게소 순천방향,C001,KP,하행,곡성(천안),0.250,전남광주통합특별시 곡성군 겸면 호남고속도로 49
SGMAC039,REST_AREA,곡성(순천),0,"",HIGH,0.063,곡성휴게소(순천),C001,SG,하행,곡성(천안),0.203,전남광주통합특별시 곡성군 겸면 호남고속도로 49
KP005479,REST_AREA,곡성(천안),0,"",HIGH,0.016,(고속도로)곡성휴게소 논산방향,C001,KP,상행,곡성(순천),0.238,전남광주통합특별시 곡성군 겸면 호남고속도로 50
SGMAC040,REST_AREA,곡성(천안),0,"",HIGH,0.050,곡성휴게소(천안),C001,SG,상행,곡성(순천),0.179,전남광주통합특별시 곡성군 겸면 호남고속도로 50
ME21A407,REST_AREA,공주(당진),0,"",HIGH,0.138,공주(당진) 휴게소,C001,ME,하행,공주(대전),0.188,충청남도 공주시 의당면 청룡리 65-12
ST441504,REST_AREA,공주(대전),0,"",HIGH,0.023,공주휴게소 (대전),C001,ST,상행,공주(당진),0.269,충청남도 공주시 당진영덕고속도로 72
ME21A111,REST_AREA,공주(대전),0,"",HIGH,0.142,공주(대전) 휴게소,C001,ME,상행,공주(당진),0.200,충청남도 공주시 송선동 320-16
ME21A403,REST_AREA,괴산(양평),0,"",HIGH,0.022,괴산(양평) 휴게소,C001,ME,상행,괴산(창원),0.189,충청북도 괴산군 장연면 중부내륙고속도로 204
ST437604,REST_AREA,괴산(창원),0,"",HIGH,0.006,괴산휴게소 (창원),C001,ST,하행,괴산(양평),0.210,충청북도 괴산군 장연면 중부내륙고속도로 205
BE241223,REST_AREA,괴산(창원),0,"",HIGH,0.056,워터 괴산휴게소 창원방향,C001,BE,하행,괴산(양평),0.230,충청북도 괴산군 장연면 중부내륙고속도로 205
ME178123,REST_AREA,구리(일산),0,"",HIGH,0.046,구리(일산) 휴게소,C001,ME,하행,,,경기도 구리시 수도권제1순환고속도로 32
KP005493,REST_AREA,구정(삼척),0,"",HIGH,0.058,(고속도로)구정휴게소 동해방향,C001,KP,하행,구정(속초),0.236,강원특별자치도 강릉시 구정면 동해고속도로 345
ME178081,REST_AREA,구정(삼척),0,"",HIGH,0.095,구정(삼척) 휴게소,C001,ME,하행,구정(속초),0.236,강원특별자치도 강릉시 구정면 동해고속도로 345 (제비리)
ME21A207,REST_AREA,군산(목포),0,"",HIGH,0.044,군산(목포) 휴게소,C001,ME,하행,,,전북특별자치도 군산시 성산면 서해안고속도로 141
ME22B605,REST_AREA,군산(목포),0,"",HIGH,0.078,군산(목포)휴게소,C001,ME,하행,,,전북특별자치도 군산시 성산면 서해안고속도로 141
ME22C216,REST_AREA,군산(목포),0,"",HIGH,0.078,군산(목포)휴게소,C001,ME,하행,,,전북특별자치도 군산시 성산면 서해안고속도로 141
SGMAC045,REST_AREA,군산(서울),0,"",HIGH,0.056,군산휴게소(서울),C001,SG,상행,,,전북특별자치도 군산시 나포면 서해안고속도로 148
HD000009,REST_AREA,군산(서울),0,"",HIGH,0.095,군산휴게소 (서울방향) E-pit,C001,HD,상행,,,전북특별자치도 군산시 나포면 서해안고속도로 148
BNIE2601,REST_AREA,군산(서울),0,"",LOW,0.236,옹고집쌈밥(군산),E006,BN,상행,,,전북특별자치도 군산시 나포면 서왕길 34
ST477203,REST_AREA,군위(부산),0,"",HIGH,0.016,군위휴게소 (부산),C001,ST,하행,군위(춘천),0.167,대구광역시 군위군 군위읍 경북대로 4084
BE241230,REST_AREA,군위(부산),0,"",HIGH,0.048,워터 군위휴게소 부산방향,C001,BE,하행,군위(춘천),0.163,대구광역시 군위군 군위읍 경북대로 4084
ME21B262,REST_AREA,군위(춘천),0,"",HIGH,0.023,군위(춘천) 휴게소,C001,ME,상행,군위(부산),0.195,대구광역시 군위군 군위읍 경북대로 4082
ME18C229,REST_AREA,군위(춘천),0,"",HIGH,0.144,군위(춘천) 휴게소,C001,ME,상행,군위(부산),0.221,대구광역시 군위군 군위읍 경북대로 4082
ME178012,REST_AREA,금강(부산),0,"",HIGH,0.130,금강(부산) 휴게소,C001,ME,하행,,,충청북도 옥천군 동이면 금강로 596 (조령리)
EV011687,REST_AREA,금강(부산),0,"",HIGH,0.138,충북옥천 금강휴게소,C001,EV,하행,,,충청북도 옥천군 동이면 조령리 576
ME178111,REST_AREA,금왕(제천),0,"",HIGH,0.083,금왕(제천) 휴게소,C001,ME,하행,금왕(평택),0.214,충청북도 음성군 금왕읍 평택제천고속도로 70 (용계리)
ME22C1H0,REST_AREA,금왕(제천),0,"",HIGH,0.092,금왕(제천)휴게소,C001,ME,하행,금왕(평택),0.213,충청북도 음성군 금왕읍 평택제천고속도로 70
ME22A351,REST_AREA,금왕(제천),0,"",HIGH,0.092,금왕(제천)휴게소,C001,ME,하행,금왕(평택),0.213,충청북도 음성군 금왕읍 평택제천고속도로 70
ME22C297,REST_AREA,금왕(평택),0,"",HIGH,0.028,금왕(평택)휴게소,C001,ME,상행,금왕(제천),0.165,충청북도 음성군 금왕읍 용계리 191-2
ME21A216,REST_AREA,금왕(평택),0,"",HIGH,0.031,금왕(평택) 휴게소,C001,ME,상행,금왕(제천),0.152,충청북도 음성군 금왕읍 용계리 192
ME178003,REST_AREA,기흥(부산),0,"",HIGH,0.070,기흥(부산) 휴게소,C001,ME,하행,,,경기도 용인시 기흥구 공세로 173 (공세동)
ST414634,REST_AREA,기흥(부산),0,"",HIGH,0.114,기흥휴게소 (부산),C001,ST,하행,,,경기도 용인시 기흥구 공세로 173
NT100571,REST_AREA,기흥(부산),0,"",LOW,0.218,기흥 공세성원상떼레이크뷰,H001,NT,하행,,,경기도 용인시 기흥구 동탄기흥로 864
ME178004,REST_AREA,김천(부산),0,"",HIGH,0.054,김천(부산) 휴게소,C001,ME,하행,김천(서울),0.192,경상북도 김천시 농소면 경부고속도로 193 (신촌리)
CV004761,REST_AREA,김천(부산),0,"",HIGH,0.078,김천휴게소(부산방향),C001,CV,하행,김천(서울),0.248,경상북도 김천시 농소면 경부고속도로 193
ME21D020,REST_AREA,김천(부산),0,"",HIGH,0.115,김천(부산) 휴게소,C001,ME,하행,김천(서울),0.220,경상북도 김천시 농소면 경부고속도로 193
ME21A312,REST_AREA,김천(부산),0,"",HIGH,0.147,김천(부산) 휴게소,C001,ME,하행,김천(서울),0.214,경상북도 김천시 농소면 경부고속도로 193
CV004735,REST_AREA,김천(서울),0,"",HIGH,0.082,김천휴게소(서울방향),C001,CV,상행,김천(부산),0.219,경상북도 김천시 농소면 경부고속도로 194
ME178005,REST_AREA,김천(서울),0,"",HIGH,0.083,김천(서울) 휴게소,C001,ME,상행,김천(부산),0.216,경상북도 김천시 농소면 경부고속도로 194 (신촌리)
ME21D019,REST_AREA,김천(서울),0,"",HIGH,0.083,김천(서울) 휴게소,C001,ME,상행,김천(부산),0.216,경상북도 김천시 농소면 경부고속도로 194
EC470007,REST_AREA,김천(서울),0,"",HIGH,0.089,김천휴게소 (서울방향) (급),C001,EC,상행,김천(부산),0.172,경상북도 김천시 농소면 경부고속도로 194
ME21A910,REST_AREA,논공(광주),0,"",HIGH,0.023,논공(광주) 휴게소,C001,ME,하행,논공(대구),0.253,대구광역시 달성군 논공읍 광주대구고속도로 169
ME21A903,REST_AREA,논공(대구),0,"",HIGH,0.023,논공(대구) 휴게소,C001,ME,상행,논공(광주),0.284,대구광역시 달성군 논공읍 삼리리 538-2
ME18C257,REST_AREA,논공(대구),0,"",HIGH,0.093,논공(대구) 휴게소,C001,ME,상행,논공(광주),0.355,대구광역시 달성군 논공읍 삼리리 543
CV004736,REST_AREA,논공(대구),0,"",HIGH,0.097,논공휴게소(대구방향),C001,CV,상행,논공(광주),0.360,대구광역시 달성군 논공읍 삼리리 538-2
ME22C250,REST_AREA,논공(대구),0,"",HIGH,0.110,논공(대구)휴게소(5번국도),C001,ME,상행,논공(광주),0.371,대구광역시 달성군 논공읍 삼리리 538-4
PW015361,REST_AREA,논공(대구),0,"",LOW,0.189,연화정삼계탕(SP),G004,PW,상행,논공(광주),0.407,대구광역시 달성군 논공읍 비슬로 1596
ME21A913,REST_AREA,대천(목포),0,"",HIGH,0.043,대천(목포) 휴게소,C001,ME,하행,대천(서울),0.285,충청남도 보령시 주교면 주교리 918-6
ST601533,REST_AREA,대천(목포),0,"",HIGH,0.087,대천휴게소 (목포),C001,ST,하행,대천(서울),0.225,충청남도 보령시 주교면 서해안고속도로 199
ST601534,REST_AREA,대천(서울),0,"",HIGH,0.062,대천휴게소 (서울),C001,ST,상행,대천(목포),0.271,충청남도 보령시 주교면 서해안고속도로 200
ME21A211,REST_AREA,대천(서울),0,"",HIGH,0.097,대천(서울) 휴게소,C001,ME,상행,대천(목포),0.316,충청남도 보령시 주교면 주교리 903-34
ME21A305,REST_AREA,동명(부산),0,"",HIGH,0.049,동명(부산) 휴게소,C001,ME,하행,동명(춘천),0.235,경상북도 칠곡군 동명면 중앙고속도로 123
EC470010,REST_AREA,동명(부산),0,"",HIGH,0.084,동명휴게소 (부산방향)(급),C001,EC,하행,동명(춘천),0.320,경상북도 칠곡군 동명면 중앙고속도로 123
ST478508,REST_AREA,동명(춘천),0,"",HIGH,0.242,동명휴게소 (춘천),C001,ST,상행,동명(부산),0.397,경상북도 칠곡군 동명면 중앙고속도로 122
ME178082,REST_AREA,동해(삼척),0,"",HIGH,0.044,동해(삼척) 휴게소,C001,ME,하행,옥계(속초),2.040,강원특별자치도 동해시 동해대로 6437 동해휴게소동해방향 (망상동)
EC510006,REST_AREA,동해(삼척),0,"",HIGH,0.102,동해휴게소 (급),C001,EC,하행,옥계(속초),2.098,강원특별자치도 동해시 동해대로 6437
SGMAC044,REST_AREA,망향(부산),0,"",HIGH,0.154,망향휴게소(부산),C001,SG,하행,,,충청남도 천안시 서북구 성거읍 돌다리길 23-37
ST441324,REST_AREA,망향(부산),0,"",HIGH,0.170,망향휴게소 (부산),C001,ST,하행,,,충청남도 천안시 서북구 성거읍 돌다리길 23-37
ME18B131,REST_AREA,매송(목포),0,"",HIGH,0.092,매송(목포) 휴게소,C001,ME,하행,매송(서울),0.375,경기도 화성시 효행구 매송면 서해안고속도로 315
ME20A802,REST_AREA,매송(목포),0,"",HIGH,0.105,매송(목포) 휴게소,C001,ME,하행,매송(서울),0.304,경기도 화성시 효행구 매송면 서해안고속도로 315
ME20A803,REST_AREA,매송(서울),0,"",HIGH,0.121,매송(서울) 휴게소,C001,ME,상행,매송(목포),0.342,경기도 화성시 효행구 매송면 서해안고속도로 316
ME18B130,REST_AREA,매송(서울),0,"",HIGH,0.142,매송(서울) 휴게소,C001,ME,상행,매송(목포),0.230,경기도 화성시 효행구 매송면 서해안고속도로 316-1
HD000008,REST_AREA,문경(양평),0,"",HIGH,0.125,문경휴게소 (양평방향) E-pit,C001,HD,상행,문경(창원),0.254,경상북도 문경시 중부내륙고속도로 174
BE241224,REST_AREA,문경(양평),0,"",HIGH,0.148,워터 문경휴게소 양평방향,C001,BE,상행,문경(창원),0.270,경상북도 문경시 중부내륙고속도로 174
BE241225,REST_AREA,문경(창원),0,"",HIGH,0.005,워터 문경휴게소 창원방향,C001,BE,하행,문경(양평),0.225,경상북도 문경시 중부내륙고속도로 173
ST472810,REST_AREA,문경(창원),0,"",HIGH,0.006,문경휴게소 (창원),C001,ST,하행,문경(양평),0.228,경상북도 문경시 중부내륙고속도로 173
ME18B108,REST_AREA,문막(강릉),0,"",HIGH,0.022,문막(강릉) 휴게소,C001,ME,하행,,,강원특별자치도 원주시 문막읍 원문로 1234
ME21D051,REST_AREA,문막(강릉),0,"",HIGH,0.065,문막(강릉) 휴게소,C001,ME,하행,,,강원특별자치도 원주시 문막읍 원문로 1234
KP005506,REST_AREA,문막(강릉),0,"",HIGH,0.111,문막휴게소 강릉방향,C001,KP,하행,,,강원특별자치도 원주시 문막읍 원문로 1234
BE241210,REST_AREA,문막(인천),0,"",HIGH,0.048,워터 문막휴게소 인천방향,C001,BE,상행,,,강원특별자치도 원주시 문막읍 개나루길 13
ST421317,REST_AREA,문막(인천),0,"",HIGH,0.071,문막휴게소 (인천),C001,ST,상행,,,강원특별자치도 원주시 문막읍 개나루길 13
HD000010,REST_AREA,문산(순천),0,"",HIGH,0.091,문산휴게소 (순천방향) E-pit,C001,HD,하행,진주(부산),3.066,경상남도 진주시 문산읍 남해고속도로 195
ME19D402,REST_AREA,문산(순천),0,"",LOW,0.119,문산(순천) 휴게소,C002,ME,하행,진주(부산),3.097,경상남도 진주시 문산읍 남해고속도로 195
CV004572,REST_AREA,문산(순천),0,"",HIGH,0.126,문산휴게소(순천방향),C001,CV,하행,진주(부산),3.106,경상남도 진주시 문산읍 남해고속도로 195
KE001421,REST_AREA,문산(순천),0,"",LOW,0.239,경남진주LH본사합숙소(가람재),H004,KE,하행,진주(부산),3.084,경상남도 진주시 사들로42번길 45
KP004999,REST_AREA,벌곡(논산),0,"",HIGH,0.034,벌곡휴게소,C001,KP,하행,벌곡(대전),0.843,충청남도 논산시 벌곡면 호남지선고속도로 25
ME19D105,REST_AREA,벌곡(논산),0,"",LOW,0.048,벌곡(논산) 휴게소,C002,ME,하행,벌곡(대전),0.829,충청남도 논산시 벌곡면 호남지선고속도로 25
EC440005,REST_AREA,벌곡(논산),0,"",HIGH,0.053,벌곡휴게소 (논산방향) (급),C001,EC,하행,벌곡(대전),0.825,충청남도 논산시 벌곡면 호남지선고속도로 25
ST601535,REST_AREA,벌곡(논산),0,"",HIGH,0.083,벌곡휴게소 (논산),C001,ST,하행,벌곡(대전),0.941,충청남도 논산시 벌곡면 호남지선고속도로 25
ME18A186,REST_AREA,벌곡(대전),0,"",HIGH,0.067,벌곡(대전) 휴게소,C001,ME,상행,벌곡(논산),0.812,충청남도 논산시 벌곡면 벌곡로 9-58
EC440006,REST_AREA,벌곡(대전),0,"",HIGH,0.083,벌곡휴게소 (대전방향) (급),C001,EC,상행,벌곡(논산),0.958,충청남도 논산시 벌곡면 벌곡로 9-58
ME22C1G4,REST_AREA,벌곡(대전),0,"",HIGH,0.098,벌곡(대전)휴게소,C001,ME,상행,벌곡(논산),0.965,충청남도 논산시 벌곡면 양산리 156
ME22B337,REST_AREA,벌곡(대전),0,"",HIGH,0.098,벌곡(대전)휴게소,C001,ME,상행,벌곡(논산),0.965,충청남도 논산시 벌곡로 9-58
ST482408,REST_AREA,사천(부산),0,"",HIGH,0.015,사천휴게소 (부산),C001,ST,상행,사천(순천),0.270,경상남도 사천시 곤양면 서삼로 619
ME178084,REST_AREA,사천(부산),0,"",HIGH,0.023,사천(부산) 휴게소,C001,ME,상행,사천(순천),0.236,경상남도 사천시 곤양면 서삼로 619 (묵곡리)
ME18C115,REST_AREA,사천(부산),0,"",HIGH,0.072,사천(부산) 휴게소,C001,ME,상행,사천(순천),0.186,경상남도 사천시 곤양면 서삼로 619
ME19D109,REST_AREA,사천(부산),0,"",LOW,0.105,사천(순천) 휴게소,C002,ME,상행,사천(순천),0.192,경상남도 사천시 곤양면 묵실길 31-11
ST482409,REST_AREA,사천(순천),0,"",HIGH,0.031,사천휴게소 (순천),C001,ST,하행,사천(부산),0.273,경상남도 사천시 곤양면 묵실길 31-11
ME19D108,REST_AREA,사천(순천),0,"",LOW,0.079,사천(부산) 휴게소,C002,ME,하행,사천(부산),0.300,경상남도 사천시 곤양면 서삼로 619
KP005372,REST_AREA,산청(대전),0,"",HIGH,0.059,산청휴게소(대전방향),C001,KP,상행,산청(통영),0.194,경상남도 산청군 단성면 통영대전고속도로 76
BE241242,REST_AREA,산청(대전),0,"",HIGH,0.073,워터 산청휴게소 대전방향,C001,BE,상행,산청(통영),0.167,경상남도 산청군 단성면 통영대전고속도로 76
KP005373,REST_AREA,산청(통영),0,"",HIGH,0.060,산청휴게소(통영방향),C001,KP,하행,산청(대전),0.165,경상남도 산청군 단성면 통영대전고속도로 77
BE241243,REST_AREA,산청(통영),0,"",HIGH,0.104,워터 산청휴게소 통영방향,C001,BE,하행,산청(대전),0.197,경상남도 산청군 단성면 통영대전고속도로 77
ST442106,REST_AREA,서산(목포),0,"",HIGH,0.010,서산휴게소 (목포),C001,ST,하행,서산(서울),0.975,충청남도 서산시 해미면 서해안고속도로 241
ME19D104,REST_AREA,서산(목포),0,"",HIGH,0.110,서산(목포) 휴게소,C001,ME,하행,서산(서울),1.071,충청남도 서산시 해미면 서해안고속도로 241
ME21A215,REST_AREA,서산(목포),0,"",HIGH,0.110,서산(목포) 휴게소,C001,ME,하행,서산(서울),1.071,충청남도 서산시 해미면 서해안고속도로 241
SGMAC047,REST_AREA,서산(서울),0,"",HIGH,0.070,서산휴게소(서울),C001,SG,상행,서산(목포),1.016,충청남도 서산시 해미면 서해안고속도로 242
ST442107,REST_AREA,서산(서울),0,"",HIGH,0.125,서산휴게소 (시흥),C001,ST,상행,서산(목포),1.006,충청남도 서산시 해미면 서해안고속도로 242
ST447703,REST_AREA,서천(목포),0,"",HIGH,0.006,서천휴게소 (목포),C001,ST,하행,서천(서울),0.292,충청남도 서천군 비인면 성산리 416-1
SGMAC048,REST_AREA,서천(목포),0,"",HIGH,0.084,서천휴게소(목포),C001,SG,하행,서천(서울),0.264,충청남도 서천군 비인면 서해안고속도로 169
ME178031,REST_AREA,서천(서울),0,"",HIGH,0.032,서천(서울) 휴게소,C001,ME,상행,서천(목포),0.302,충청남도 서천군 비인면 서해안고속도로 168 (성산리)
EC440007,REST_AREA,서천(서울),0,"",HIGH,0.032,서천휴게소 (서울방향) (급),C001,EC,상행,서천(목포),0.319,충청남도 서천군 비인면 서해안고속도로 168
ME22B338,REST_AREA,서천(서울),0,"",HIGH,0.039,서천(서울)휴게소,C001,ME,상행,서천(목포),0.309,충청남도 서천군 비인면 서해안고속도로 168
ME21A109,REST_AREA,서천(서울),0,"",HIGH,0.054,서천(서울) 휴게소,C001,ME,상행,서천(목포),0.316,충청남도 서천군 비인면 서해안고속도로 168
ST601536,REST_AREA,서천(서울),0,"",HIGH,0.075,서천휴게소 (서울),C001,ST,상행,서천(목포),0.254,충청남도 서천군 비인면 서해안고속도로 168
BE241226,REST_AREA,선산(양평),0,"",HIGH,0.062,워터 선산휴게소 양평방향,C001,BE,상행,선산(창원),0.376,경상북도 구미시 옥성면 중부내륙고속도로 128
ST471927,REST_AREA,선산(양평),0,"",HIGH,0.164,선산휴게소 (양평),C001,ST,상행,선산(창원),0.269,경상북도 구미시 옥성면 중부내륙고속도로 128
ME21A406,REST_AREA,선산(창원),0,"",HIGH,0.033,선산(창원) 휴게소,C001,ME,하행,선산(양평),0.406,경상북도 구미시 옥성면 중부내륙고속도로 129-1
ME20C156,REST_AREA,선산(창원),0,"",HIGH,0.119,선산(창원) 휴게소,C001,ME,하행,선산(양평),0.336,경상북도 구미시 옥성면 중부내륙고속도로 129
ME183211,REST_AREA,성주(양평),0,"",HIGH,0.064,성주(양평) 휴게소,C001,ME,상행,성주(창원),0.328,경상북도 성주군 초전면 용봉리 129-5
ME21A911,REST_AREA,성주(양평),0,"",HIGH,0.083,성주(양평) 휴게소,C001,ME,상행,성주(창원),0.344,경상북도 성주군 초전면 중부내륙고속도로 98
CV004564,REST_AREA,성주(양평),0,"",HIGH,0.089,성주휴게소(양평방향),C001,CV,상행,성주(창원),0.352,경상북도 성주군 초전면 중부내륙고속도로 98
EC470011,REST_AREA,성주(창원),0,"",HIGH,0.097,성주휴게소 (창원방향) (급),C001,EC,하행,성주(양평),0.366,경상북도 성주군 초전면 중부내륙고속도로 97
ME183212,REST_AREA,성주(창원),0,"",HIGH,0.098,성주(창원) 휴게소,C001,ME,하행,성주(양평),0.303,경상북도 성주군 대가면 중부내륙고속도로 97
SGMAC042,REST_AREA,순천(순천),0,"",HIGH,0.034,순천휴게소(순천),C001,SG,하행,,,전남광주통합특별시 순천시 서면 호남고속도로 3
BE241232,REST_AREA,안동(부산),0,"",HIGH,0.046,워터 안동휴게소 부산방향,C001,BE,하행,안동(춘천),0.252,경상북도 안동시 풍산읍 풍산태사로 1903-27
ME19D102,REST_AREA,안동(부산),0,"",LOW,0.078,안동(부산) 휴게소,C002,ME,하행,안동(춘천),0.289,경상북도 안동시 풍산읍 풍산태사로 1903-27
ME22C183,REST_AREA,안동(부산),0,"",HIGH,0.080,안동(부산)휴게소,C001,ME,하행,안동(춘천),0.285,경상북도 안동시 풍산읍 풍산태사로 1903-27
ME21A405,REST_AREA,안동(춘천),0,"",HIGH,0.037,안동(춘천) 휴게소,C001,ME,상행,안동(부산),0.258,경상북도 안동시 풍산읍 풍산태사로 1913-54
ME22B621,REST_AREA,안동(춘천),0,"",HIGH,0.165,안동(춘천)휴게소,C001,ME,상행,안동(부산),0.206,경상북도 안동시 풍산읍 풍산태사로 1913-54
ME22C258,REST_AREA,안동(춘천),0,"",HIGH,0.165,안동(춘천)휴게소,C001,ME,상행,안동(부산),0.206,경상북도 안동시 풍산읍 계평리 산133-4
ME18B303,REST_AREA,안성(부산),0,"",HIGH,0.000,안성(부산) 휴게소,C001,ME,하행,,,경기도 안성시 원곡면 경부고속도로 365
HD000003,REST_AREA,안성(부산),0,"",HIGH,0.068,안성휴게소 (부산방향) E-pit,C001,HD,하행,,,경기도 안성시 원곡면 경부고속도로 365
ST601529,REST_AREA,안성(부산),0,"",HIGH,0.132,안성휴게소 (부산),C001,ST,하행,,,경기도 안성시 원곡면 경부고속도로 365
ME181108,REST_AREA,안성(서울),0,"",HIGH,0.039,안성(서울) 휴게소,C001,ME,상행,,,경기도 안성시 원곡면 산하리 421-4
ME184013,REST_AREA,안성(서울),0,"",HIGH,0.109,안성(서울) 휴게소,C001,ME,상행,,,경기도 안성시 원곡면 경부고속도로 372
ME20A403,REST_AREA,안성(서울),0,"",HIGH,0.116,안성(서울) 휴게소,C001,ME,상행,,,경기도 안성시 원곡면 경부고속도로 372
HD000002,REST_AREA,안성(서울),0,"",HIGH,0.131,안성휴게소 (서울방향) E-pit,C001,HD,상행,,,경기도 안성시 원곡면 경부고속도로 372
ME19D201,REST_AREA,양산(서울),0,"",LOW,0.059,양산(서울) 휴게소,C002,ME,상행,,,경상남도 양산시 동면 목장길 15-50
KP005346,REST_AREA,양산(서울),0,"",HIGH,0.098,(고속도로)양산휴게소 서울방면,C001,KP,상행,,,경상남도 양산시 동면 목장길 15-50
ME18C501,REST_AREA,언양(서울),0,"",HIGH,0.074,언양(서울) 휴게소,C001,ME,상행,,,울산광역시 울주군 언양읍 언동3길 20-48
CV004583,REST_AREA,언양(서울),0,"",HIGH,0.084,언양휴게소(서울방향),C001,CV,상행,,,울산광역시 울주군 언양읍 경부고속도로 44
ST317115,REST_AREA,언양(서울),0,"",HIGH,0.092,언양휴게소 (서울),C001,ST,상행,,,울산광역시 울주군 언양읍 경부고속도로 44
EC310001,REST_AREA,언양(서울),0,"",HIGH,0.092,언양(서울)휴게소 (급),C001,EC,상행,,,울산광역시 울주군 언양읍 경부고속도로 44
KP005347,REST_AREA,언양(서울),0,"",MEDIUM,0.898,(고속도로)언양휴게소 서울방면,C001,KP,상행,,,울산광역시 울주군 언양읍 경부고속도로 44
ST451403,REST_AREA,여산(순천),0,"",HIGH,0.054,익산미륵사지휴게소 (순천),C001,ST,하행,여산(천안),0.199,전북특별자치도 익산시 여산면 호남고속도로 191
ME21B1F9,REST_AREA,여산(순천),0,"",HIGH,0.080,여산(순천) 휴게소,C001,ME,하행,여산(천안),0.197,전북특별자치도 익산시 여산면 호남고속도로 191
EC450020,REST_AREA,여산(천안),0,"",HIGH,0.053,익산미륵사지(천안)휴게소 (급),C001,EC,상행,여산(순천),0.227,전북특별자치도 익산시 여산면 호남고속도로 192
EC450033,REST_AREA,여산(천안),0,"",HIGH,0.053,익산미륵사지(천안)휴게소 (급),C001,EC,상행,여산(순천),0.227,전북특별자치도 익산시 여산면 호남고속도로 192
BE241212,REST_AREA,여주(강릉),0,"",HIGH,0.124,워터 여주휴게소 강릉방향,C001,BE,하행,여주(인천),0.186,경기도 여주시 가남읍 여주남로 722
KP005430,REST_AREA,여주(강릉),0,"",MEDIUM,0.897,(고속도로)여주휴게소 강릉방향,C001,KP,하행,여주(인천),1.083,경기도 여주시 가남읍 화평길 116
BE241213,REST_AREA,여주(인천),0,"",HIGH,0.039,워터 여주휴게소 인천방향,C001,BE,상행,여주(강릉),0.182,경기도 여주시 가남읍 화평길 116
ST416713,REST_AREA,여주(인천),0,"",HIGH,0.063,여주휴게소 (인천),C001,ST,상행,여주(강릉),0.257,경기도 여주시 가남읍 화평길 116
ST416712,REST_AREA,여주(인천),0,"",HIGH,0.216,여주휴게소 (강릉),C001,ST,상행,여주(강릉),0.262,경기도 여주시 가남읍 여주남로 722
BE241244,REST_AREA,영산(창원),0,"",HIGH,0.069,워터 영산휴게소 창원방향,C001,BE,하행,,,경상남도 창녕군 영산면 장척호수길 56-110
ST487404,REST_AREA,영산(창원),0,"",HIGH,0.086,영산 휴게소 (창원),C001,ST,하행,,,경상남도 창녕군 영산면 장척호수길 56-110
ST472307,REST_AREA,영천(대구),0,"",HIGH,0.081,영천휴게소 (대구),C001,ST,하행,영천(포항),0.258,경상북도 영천시 임고면 운주로 791
BE241233,REST_AREA,영천(대구),0,"",HIGH,0.097,워터 영천휴게소 대구방향,C001,BE,하행,영천(포항),0.326,경상북도 영천시 임고면 운주로 791
ST472306,REST_AREA,영천(포항),0,"",HIGH,0.062,영천휴게소 (포항),C001,ST,상행,영천(대구),0.290,경상북도 영천시 임고면 운주로 777
ME22B323,REST_AREA,영천(포항),0,"",HIGH,0.113,영천(포항)휴게소,C001,ME,상행,영천(대구),0.244,경상북도 영천시 임고면 금대리 1007-6
ME22C184,REST_AREA,영천(포항),0,"",HIGH,0.113,영천(포항)휴게소,C001,ME,상행,영천(대구),0.244,경상북도 영천시 임고면 금대리 1007-6
ME21A301,REST_AREA,영천(포항),0,"",HIGH,0.118,영천(포항) 휴게소,C001,ME,상행,영천(대구),0.245,경상북도 영천시 임고면 금대리 140-1
CV004734,REST_AREA,영천(포항),0,"",HIGH,0.139,영천휴게소(포항방향),C001,CV,상행,영천(대구),0.327,경상북도 영천시 임고면 운주로 777
ME18A200,REST_AREA,예산(당진),0,"",HIGH,0.005,예산(당진) 휴게소,C001,ME,하행,예산(대전),0.748,충청남도 예산군 신양면 당진영덕고속도로 33
ME21A214,REST_AREA,예산(당진),0,"",HIGH,0.137,예산(당진) 휴게소,C001,ME,하행,예산(대전),0.879,충청남도 예산군 신양면 서계양리 736
ME178107,REST_AREA,예산(당진),0,"",HIGH,0.143,예산(당진) 휴게소,C001,ME,하행,예산(대전),0.883,충청남도 예산군 신양면 당진영덕고속도로 33 (서계양리)
ME21A904,REST_AREA,예산(대전),0,"",HIGH,0.094,예산(대전) 휴게소,C001,ME,상행,예산(당진),0.815,충청남도 예산군 대흥면 탄방리 136
ST457502,REST_AREA,오수(순천),0,"",HIGH,0.015,오수휴게소 (순천),C001,ST,하행,오수(완주),0.218,전북특별자치도 임실군 오수면 순천완주고속도로 73
SGMAC018,REST_AREA,오수(순천),0,"",HIGH,0.070,오수휴게소(순천),C001,SG,하행,오수(완주),0.206,전북특별자치도 임실군 오수면 순천완주고속도로 73
ST457503,REST_AREA,오수(완주),0,"",HIGH,0.003,오수휴게소 (완주),C001,ST,상행,오수(순천),0.225,전북특별자치도 임실군 오수면 순천완주고속도로 74
SGMAC016,REST_AREA,오수(완주),0,"",HIGH,0.110,오수휴게소(완주),C001,SG,상행,오수(순천),0.246,전북특별자치도 임실군 오수면 순천완주고속도로 74
KP005437,REST_AREA,오수(완주),0,"",HIGH,0.146,오수(완주) 고속도로,C001,KP,상행,오수(순천),0.251,전북특별자치도 임실군 오수면 순천완주고속도로 74
KP000005,REST_AREA,오창(남이),0,"",HIGH,0.002,오창휴게소(통영방향),C001,KP,하행,오창(하남),0.212,충청북도 청주시 청원구 오창읍 중부고속도로 21
EC430009,REST_AREA,오창(남이),0,"",HIGH,0.072,오창휴게소 (통영방향) (급),C001,EC,하행,오창(하남),0.274,충청북도 청주시 청원구 오창읍 중부고속도로 21
ME20C2b6,REST_AREA,오창(남이),0,"",HIGH,0.080,오창(남이) 휴게소,C001,ME,하행,오창(하남),0.289,충청북도 청주시 청원구 오창읍 중부고속도로 21
ME21A113,REST_AREA,오창(남이),0,"",HIGH,0.080,오창(남이) 휴게소,C001,ME,하행,오창(하남),0.289,충청북도 청주시 청원구 중부고속도로 19
ST431149,REST_AREA,오창(하남),0,"",HIGH,0.026,오창휴게소 (하남),C001,ST,상행,오창(남이),0.213,충청북도 청주시 청원구 오창읍 중부고속도로 20
KP000006,REST_AREA,오창(하남),0,"",HIGH,0.093,오창휴게소(하남방향),C001,KP,상행,오창(남이),0.144,충청북도 청주시 청원구 오창읍 중부고속도로 22
ME18C289,REST_AREA,오창(하남),0,"",HIGH,0.096,오창(하남) 휴게소,C001,ME,상행,오창(남이),0.295,충청북도 청주시 청원구 오창읍 중부고속도로 20
ST421511,REST_AREA,옥계(속초),0,"",HIGH,0.004,옥계휴게소 (속초),C001,ST,상행,동해(삼척),1.995,강원특별자치도 강릉시 옥계면 동해고속도로 320
BE241214,REST_AREA,옥계(속초),0,"",HIGH,0.137,워터 옥계휴게소 속초방향,C001,BE,상행,동해(삼척),1.863,강원특별자치도 강릉시 옥계면 동해고속도로 320
EC430012,REST_AREA,옥산(부산),0,"",HIGH,0.012,옥산(부산)휴게소 (급),C001,EC,하행,,,충청북도 청주시 흥덕구 옥산면 경부고속도로 309
ME22A354,REST_AREA,옥산(부산),0,"",HIGH,0.091,옥산(부산)휴게소,C001,ME,하행,,,충청북도 청주시 흥덕구 옥산면 오산리 590-15
ME18C510,REST_AREA,옥산(부산),0,"",HIGH,0.109,옥산(부산) 휴게소,C001,ME,하행,,,충청북도 청주시 옥산면 경부고속도로 309
ME178014,REST_AREA,옥산(부산),0,"",HIGH,0.120,옥산(부산) 휴게소,C001,ME,하행,,,충청북도 청주시 흥덕구 옥산면 경부고속도로 309 (오산리)
PI202296,REST_AREA,옥산(부산),0,"",LOW,0.166,옥산아트빌아파트,H001,PI,하행,,,"충청북도 청주시 흥덕구 옥산면 오송가락로 718 (오산리, 아트빌아파트) 301동~306동"
EV005235,REST_AREA,옥산(부산),0,"",LOW,0.204,충북청주 옥산금정2차아파트,H001,EV,하행,,,충청북도 청주시 흥덕구 옥산면 오송가락로 752
PL033724,REST_AREA,옥산(부산),0,"",LOW,0.292,옥산금정1차,H001,PL,하행,,,충북 청주시 흥덕구 옥산면 오송가락로 760
EV006009,REST_AREA,옥산(부산),0,"",LOW,0.292,충북청주 금정1차아파트,H001,EV,하행,,,충청북도 청주시 흥덕구 옥산면 오송가락로 760
ME18C282,REST_AREA,옥천(부산),0,"",HIGH,0.020,옥천(부산) 휴게소,C001,ME,하행,옥천(서울),0.330,충청북도 옥천군 옥천읍 서대구일로 265-19
SGMAC017,REST_AREA,옥천(부산),0,"",HIGH,0.108,옥천휴게소(부산),C001,SG,하행,옥천(서울),0.245,충청북도 옥천군 옥천읍 서대구일로 265-19
SGMAC028,REST_AREA,옥천(서울),0,"",HIGH,0.044,옥천휴게소(서울),C001,SG,상행,옥천(부산),0.365,충청북도 옥천군 옥천읍 옥천동이로 242-34
WJOCS001,REST_AREA,옥천(서울),0,"",LOW,0.287,옥천 상행 전기상용차 충전소,G004,WJ,상행,옥천(부산),0.552,충청북도 옥천군 옥천읍 옥천동이로 242-34
WJOCH001,REST_AREA,옥천(서울),0,"",LOW,0.287,옥천 하행 전기상용차 충전소,G004,WJ,상행,옥천(부산),0.552,충청북도 옥천군 옥천읍 서대구일로 265-19
RS000018,REST_AREA,옥천(서울),0,"",LOW,0.287,옥천버스,B004,RS,상행,옥천(부산),0.552,충청북도 옥천군 옥천읍 삼양리 206
ME21A201,REST_AREA,와촌(포항),0,"",HIGH,0.013,와촌(포항) 휴게소,C001,ME,상행,,,경상북도 경산시 와촌면 강학길 103
ME178098,REST_AREA,와촌(포항),0,"",HIGH,0.026,와촌(포항) 휴게소,C001,ME,상행,,,경상북도 경산시 와촌면 강학길 103 (강학리)
ME22C185,REST_AREA,와촌(포항),0,"",HIGH,0.088,와촌(포항)휴게소,C001,ME,상행,,,경상북도 경산시 와촌면 강학리 산71-25
CV004581,REST_AREA,와촌(포항),0,"",HIGH,0.100,와촌휴게소(포항방향),C001,CV,상행,,,경상북도 경산시 와촌면 강학리 산71-1
KP005351,REST_AREA,외동(부산),0,"",HIGH,0.020,외동휴게소(울산방면),C001,KP,하행,외동(포항),0.285,경상북도 경주시 외동읍 상석길 58-74
CV004573,REST_AREA,외동(부산),0,"",HIGH,0.056,외동휴게소(부산방향),C001,CV,하행,외동(포항),0.293,경상북도 경주시 외동읍 상석길 58-74
KP005352,REST_AREA,외동(포항),0,"",HIGH,0.021,외동휴게소(포항방면),C001,KP,상행,외동(부산),0.282,경상북도 경주시 외동읍 상석길 58-70
CV004733,REST_AREA,외동(포항),0,"",HIGH,0.069,외동휴게소(포항방향),C001,CV,상행,외동(부산),0.290,경상북도 경주시 외동읍 상석길 58-70
BE241215,REST_AREA,용인(강릉),0,"",HIGH,0.096,워터 용인휴게소 강릉방향,C001,BE,하행,용인(인천),0.347,경기도 용인시 처인구 주북로94번길 30-1
KP005428,REST_AREA,용인(강릉),0,"",HIGH,0.117,용인휴게소 강릉방향,C001,KP,하행,용인(인천),0.539,경기도 용인시 처인구 주북로94번길 30-1
KP005429,REST_AREA,용인(강릉),0,"",MEDIUM,0.645,(고속도로)용인휴게소 인천방향,C001,KP,하행,용인(인천),0.936,경기도 용인시 처인구 주북로 66-14
BE241216,REST_AREA,용인(인천),0,"",HIGH,0.068,워터 용인휴게소 인천방향,C001,BE,상행,용인(강릉),0.375,경기도 용인시 처인구 주북로 66-14
CV004741,REST_AREA,울주(울산),0,"",HIGH,0.088,울주휴게소(울산방향),C001,CV,상행,울주(함양),0.401,울산광역시 울주군 삼동면 함양울산고속도로 134
ST317116,REST_AREA,울주(울산),0,"",HIGH,0.132,울주휴게소 (함양),C001,ST,상행,울주(함양),0.182,울산광역시 울주군 삼동면 함양울산고속도로 133
ST317117,REST_AREA,울주(울산),0,"",HIGH,0.176,울주휴게소 (울산),C001,ST,상행,울주(함양),0.375,울산광역시 울주군 삼동면 함양울산고속도로 134
ME20C194,REST_AREA,울주(함양),0,"",HIGH,0.077,울주(울산) 휴게소,C001,ME,하행,울주(울산),0.340,울산광역시 울주군 삼동면 보은리 산213-15
ME20C195,REST_AREA,울주(함양),0,"",HIGH,0.077,울주(함양) 휴게소,C001,ME,하행,울주(울산),0.340,울산광역시 울주군 삼동면 보은리 산193-1
EC510001,REST_AREA,원주(부산),0,"",HIGH,0.081,원주휴게소 (부산방향) (급),C001,EC,하행,원주(춘천),0.219,강원특별자치도 원주시 호저면 마근거리길 120
BE241217,REST_AREA,원주(춘천),0,"",HIGH,0.011,워터 원주휴게소 춘천방향,C001,BE,상행,원주(부산),0.239,강원특별자치도 원주시 호저면 마근거리길 110
KP005507,REST_AREA,원주(춘천),0,"",HIGH,0.062,원주휴게소 춘천방향,C001,KP,상행,원주(부산),0.260,강원특별자치도 원주시 호저면 마근거리길 110
HD000001,REST_AREA,음성(남이),0,"",HIGH,0.106,음성휴게소 (통영방향) E-pit,C001,HD,하행,음성(하남),0.489,충청북도 음성군 삼성면 중부고속도로 51
ME178017,REST_AREA,음성(남이),0,"",HIGH,0.107,음성(남이) 휴게소,C001,ME,하행,음성(하남),0.482,충청북도 음성군 삼성면 용성리 산 44
ME22B616,REST_AREA,음성(남이),0,"",HIGH,0.150,음성(남이)휴게소,C001,ME,하행,음성(하남),0.528,충청북도 음성군 삼성면 용성리 중부고속도로 51
ME22C298,REST_AREA,음성(남이),0,"",HIGH,0.150,음성(남이)휴게소,C001,ME,하행,음성(하남),0.528,충청북도 음성군 삼성면 용성리 중부고속도로 51
KP000003,REST_AREA,음성(남이),0,"",HIGH,0.294,음성휴게소(통영방향),C001,KP,하행,음성(하남),0.621,충청북도 음성군 삼성면 중부고속도로 51
ME21A311,REST_AREA,음성(하남),0,"",HIGH,0.073,음성(하남) 휴게소,C001,ME,상행,음성(남이),0.467,충청북도 음성군 삼성면 양덕리 472-3
EC430010,REST_AREA,음성(하남),0,"",HIGH,0.076,음성휴게소 (하남방향) (급),C001,EC,상행,음성(남이),0.359,충청북도 음성군 삼성면 중부고속도로 52
ME178045,REST_AREA,음성(하남),0,"",HIGH,0.077,음성(하남) 휴게소,C001,ME,상행,음성(남이),0.478,충청북도 음성군 삼성면 중부고속도로 52 (양덕리)
KP000004,REST_AREA,음성(하남),0,"",HIGH,0.170,음성휴게소(하남방향),C001,KP,상행,음성(남이),0.529,충청북도 음성군 삼성면 중부고속도로 52
EC470012,REST_AREA,의성(영덕),0,"",HIGH,0.050,의성휴게소 (영덕방향) (급),C001,EC,하행,의성(청주),0.286,경상북도 의성군 안계면 새못안길 45-47
ME178103,REST_AREA,의성(영덕),0,"",HIGH,0.082,의성(영덕) 휴게소,C001,ME,하행,의성(청주),0.238,경상북도 의성군 안계면 새못안길 45-47 (양곡리)
BE241234,REST_AREA,의성(청주),0,"",HIGH,0.034,워터 의성휴게소 청주방향,C001,BE,상행,의성(영덕),0.279,경상북도 의성군 안계면 새못안길 45-49
ME21A208,REST_AREA,의성(청주),0,"",HIGH,0.044,의성(청주) 휴게소,C001,ME,상행,의성(영덕),0.272,경상북도 의성군 안계면 양곡리 새못안길 45-49
EC450021,REST_AREA,이서(순천),0,"",HIGH,0.072,이서휴게소 (순천방향) (급),C001,EC,하행,이서(천안),0.322,전북특별자치도 완주군 이서면 호남고속도로 161
ST601538,REST_AREA,이서(순천),0,"",HIGH,0.089,이서휴게소 (순천),C001,ST,하행,이서(천안),0.205,전북특별자치도 완주군 이서면 호남고속도로 161-1
ST601539,REST_AREA,이서(천안),0,"",HIGH,0.068,이서휴게소 (천안),C001,ST,상행,이서(순천),0.323,전북특별자치도 완주군 이서면 호남고속도로 162
EC450022,REST_AREA,이서(천안),0,"",HIGH,0.090,이서휴게소 (천안방향) (급),C001,EC,상행,이서(순천),0.327,전북특별자치도 완주군 이서면 호남고속도로 162
ME178043,REST_AREA,이천(남이),0,"",HIGH,0.074,이천(남이) 휴게소,C001,ME,하행,마장,0.367,경기도 이천시 마장면 중부대로609번길 244-35 (목리)
ME20A602,REST_AREA,이천(남이),0,"",HIGH,0.084,이천(남이) 휴게소,C001,ME,하행,마장,0.385,경기도 이천시 마장면 중부대로609번길 244-35
SGMAC002,REST_AREA,이천(남이),0,"",HIGH,0.202,마장프리미엄휴게소 하행선,C001,SG,하행,마장,0.325,경기도 이천시 마장면 중부고속도로 82
SGMAC003,REST_AREA,이천(남이),0,"",HIGH,0.202,이인휴게소(천안방향),C001,SG,하행,마장,0.325,충청남도 공주시 이인면 논산천안고속도로 32
SGMAC058,REST_AREA,이천(하남),0,"",HIGH,0.106,이천쌀휴게소(국도부),C001,SG,상행,이천(남이),3.909,경기도 이천시 신둔면 용면리 산 77-1
SGMAC015,REST_AREA,이천(하남),0,"",HIGH,0.118,이천쌀휴게소(하남),C001,SG,상행,이천(남이),3.854,경기도 이천시 신둔면 서이천로853번길 346-129
ST415015,REST_AREA,이천(하남),0,"",HIGH,0.118,이천휴게소 (하남),C001,ST,상행,이천(남이),3.898,경기도 이천시 신둔면 서이천로853번길 346-129
SGMAC041,REST_AREA,주암(순천),0,"",HIGH,0.033,주암휴게소(순천),C001,SG,하행,주암(천안),0.149,전남광주통합특별시 순천시 주암면 호남고속도로 23
SGMAC032,REST_AREA,주암(천안),0,"",HIGH,0.044,주암휴게소(천안),C001,SG,상행,주암(순천),0.143,전남광주통합특별시 순천시 주암면 호남고속도로 24
ST431146,REST_AREA,죽암(부산),0,"",HIGH,0.018,죽암휴게소 (부산),C001,ST,하행,죽암(서울),1.098,충청북도 청주시 서원구 현도면 경부고속도로 289
ME21A308,REST_AREA,죽암(서울),0,"",HIGH,0.025,죽암(서울) 휴게소,C001,ME,상행,죽암(부산),1.130,충청북도 청주시 서원구 현도면 선동2길 232-9
ME178019,REST_AREA,죽암(서울),0,"",HIGH,0.111,죽암(서울) 휴게소,C001,ME,상행,죽암(부산),1.010,충청북도 청주시 서원구 현도면 경부고속도로 290
SGMAC023,REST_AREA,죽전(서울),0,"",HIGH,0.078,죽전휴게소(서울),C001,SG,상행,,,경기도 용인시 수지구 경부고속도로 400
ME20D901,REST_AREA,죽전(서울),0,"",HIGH,0.080,죽전(서울) 휴게소,C001,ME,상행,,,경기도 용인시 수지구 경부고속도로400
PI313506,REST_AREA,죽전(서울),0,"",LOW,0.147,용인시 창죽마을월드메르디앙,H001,PI,상행,,,경기도 용인시 수지구 용구대로2771번길 28
PL031729,REST_AREA,죽전(서울),0,"",LOW,0.213,용인 수지벽산4단지아파트,H001,PL,상행,,,경기 용인시 수지구 용구대로2801번길 41
CGH00084,REST_AREA,죽전(서울),0,"",LOW,0.213,용인 벽산4단지아파트,H001,CG,상행,,,경기도 용인시 수지구 용구대로2801번길 41
EV007633,REST_AREA,죽전(서울),0,"",LOW,0.268,경기용인 벽산5단지502동,H001,EV,상행,,,경기도 용인시 수지구 용구대로2801번길 29
EV007632,REST_AREA,죽전(서울),0,"",LOW,0.268,경기용인 벽산5단지501동,H001,EV,상행,,,경기도 용인시 수지구 용구대로2801번길 29
PI716552,REST_AREA,죽전(서울),0,"",LOW,0.282,수지벽산3단지,H001,PI,상행,,,경기도 용인시 수지구 용구대로2801번길 17
PWE00686,REST_AREA,죽전(서울),0,"",LOW,0.282,용인벽산타운3단지,H001,PW,상행,,,경기도 용인시 수지구 용구대로2801번길 17
SZBA0022,REST_AREA,진영(부산),0,"",HIGH,0.081,(23년) FILTSON 진영휴게소(부산방면),C001,SZ,상행,진영(순천),0.208,경상남도 김해시 진영읍 하계로96번길 94-4
KP005344,REST_AREA,진영(순천),0,"",HIGH,0.007,진영(순천)휴게소,C001,KP,하행,진영(부산),0.252,경상남도 김해시 진영읍 하계로96번길 68
ME21D001,REST_AREA,진영(순천),0,"",HIGH,0.079,진영(순천) 휴게소,C001,ME,하행,진영(부산),0.207,경상남도 김해시 진영읍 하계로96번길 68
ME19D401,REST_AREA,진영(순천),0,"",LOW,0.082,진영(순천) 휴게소,C002,ME,하행,진영(부산),0.239,경상남도 김해시 진영읍 하계로96번길 68
BE241246,REST_AREA,진영(순천),0,"",HIGH,0.199,워터 진영휴게소 순천방향,C001,BE,하행,진영(부산),0.339,경상남도 김해시 진영읍 우동리 318-5
ST481713,REST_AREA,진주(부산),0,"",HIGH,0.009,진주휴게소 (부산),C001,ST,상행,문산(순천),2.988,경상남도 진주시 남해고속도로 194
ME184030,REST_AREA,진주(부산),0,"",HIGH,0.096,진주(부산) 휴게소,C001,ME,상행,문산(순천),2.892,경상남도 진주시 남해고속도로 194
ME19D208,REST_AREA,진주(부산),0,"",LOW,0.119,진주(부산) 휴게소,C002,ME,상행,문산(순천),3.094,경상남도 진주시 남해고속도로 194
ST481716,REST_AREA,진주(부산),0,"",LOW,0.153,진주휴게소(부산) 외부 반려견 공원 주차장,B002,ST,상행,문산(순천),3.135,경상남도 진주시 남해고속도로 194
BE241247,REST_AREA,진주(부산),0,"",HIGH,0.154,워터 진주휴게소 반려견놀이터주차장,C001,BE,상행,문산(순천),3.136,경상남도 진주시 남해고속도로 194
ST477502,REST_AREA,청송(영덕),0,"",HIGH,0.026,청송휴게소 (영덕),C001,ST,상행,청송(청주),0.160,경상북도 청송군 파천면 중평병부길 203-115
ST477503,REST_AREA,청송(청주),0,"",HIGH,0.026,청송휴게소 (청주),C001,ST,하행,청송(영덕),0.173,경상북도 청송군 파천면 중평병부길 203-92
KP004470,REST_AREA,청송(청주),0,"",HIGH,0.049,(고속도로)청송휴게소 청주방면,C001,KP,하행,청송(영덕),0.190,경상북도 청송군 파천면 중평병부길 203-92
ME178020,REST_AREA,청주(서울),0,"",HIGH,0.054,청주(서울) 휴게소,C001,ME,상행,,,충청북도 청주시 흥덕구 옥산면 경부고속도로 318 (장남리)
ME21A210,REST_AREA,청주(서울),0,"",HIGH,0.077,청주(서울) 휴게소,C001,ME,상행,,,충청북도 청주시 흥덕구 옥산면 장남리 285-4
ME18C511,REST_AREA,청주(서울),0,"",HIGH,0.077,청주(서울) 휴게소,C001,ME,상행,,,충청북도 청주시 흥덕구 옥산면 경부고속도로 318
ST431145,REST_AREA,청주(서울),0,"",HIGH,0.188,청주휴게소 (서울),C001,ST,상행,,,충청북도 청주시 흥덕구 옥산면 경부고속도로 318
ME21A303,REST_AREA,청통(대구),0,"",HIGH,0.038,청통(대구) 휴게소,C001,ME,하행,,,경상북도 영천시 청통면 우천리 산177-1
BE241235,REST_AREA,청통(대구),0,"",HIGH,0.100,워터 청통휴게소 대구방향,C001,BE,하행,,,경상북도 영천시 청통면 청통로 334-42
LU002429,REST_AREA,청통(대구),0,"",LOW,0.176,영천시엘GC,G004,LU,하행,,,경상북도 영천시 청통면 청통로 334-41
KP005485,REST_AREA,춘천(부산),0,"",HIGH,0.038,춘천휴게소(부산방향),C001,KP,하행,,,강원특별자치도 춘천시 동내면 영서로 1432
EC510002,REST_AREA,춘천(부산),0,"",HIGH,0.080,춘천휴게소(부산방향) (급),C001,EC,하행,,,강원특별자치도 춘천시 동내면 영서로 1432
ME21B111,REST_AREA,춘천(부산),0,"",LOW,0.278,원창졸음쉼터,C003,ME,하행,,,강원특별자치도 춘천시 동내면 학곡리 산76-3
EC450030,REST_AREA,춘향(순천),0,"",HIGH,0.024,춘향휴게소 (순천방향) (급),C001,EC,하행,춘향(완주),0.233,전북특별자치도 남원시 수지면 순천완주고속도로 49
CV004732,REST_AREA,춘향(순천),0,"",HIGH,0.030,춘향휴게소(순천방향),C001,CV,하행,춘향(완주),0.206,전북특별자치도 남원시 수지면 순천완주고속도로 49
EC450029,REST_AREA,춘향(순천),0,"",HIGH,0.104,춘향휴게소 (순천방향) (급),C001,EC,하행,춘향(완주),0.195,전북특별자치도 남원시 수지면 순천완주고속도로 49
EC450032,REST_AREA,춘향(완주),0,"",HIGH,0.005,춘향휴게소 (완주방향) (급),C001,EC,상행,춘향(순천),0.229,전북특별자치도 남원시 수지면 순천완주고속도로 50
EC450031,REST_AREA,춘향(완주),0,"",HIGH,0.005,춘향휴게소 (완주방향) (급),C001,EC,상행,춘향(순천),0.229,전북특별자치도 남원시 수지면 순천완주고속도로 50
CV004731,REST_AREA,춘향(완주),0,"",HIGH,0.008,춘향휴게소(완주방향),C001,CV,상행,춘향(순천),0.233,전북특별자치도 남원시 수지면 순천완주고속도로 50
BE241229,REST_AREA,충주(양평),0,"",HIGH,0.031,워터 충주휴게소 양평방향,C001,BE,상행,충주(창원),0.237,충청북도 충주시 중앙탑면 중부내륙고속도로 230
ME178070,REST_AREA,충주(양평),0,"",HIGH,0.048,충주(양평) 휴게소,C001,ME,상행,충주(창원),0.231,충청북도 충주시 중앙탑면 중부내륙고속도로 230 (용전리)
ME21A907,REST_AREA,충주(양평),0,"",HIGH,0.050,충주(양평) 휴게소,C001,ME,상행,충주(창원),0.177,충청북도 충주시 중앙탑면 중부내륙고속도로 230
ME19D107,REST_AREA,충주(양평),0,"",LOW,0.099,충주(양평) 휴게소,C002,ME,상행,충주(창원),0.200,충청북도 충주시 중앙탑면 중부내륙고속도로 230-1
ME21A401,REST_AREA,충주(창원),0,"",HIGH,0.076,충주(창원) 휴게소,C001,ME,하행,충주(양평),0.187,충청북도 충주시 중앙탑면 중부내륙고속도로 231
ME178069,REST_AREA,충주(창원),0,"",HIGH,0.085,충주(창원) 휴게소,C001,ME,하행,충주(양평),0.186,충청북도 충주시 중앙탑면 중부내륙고속도로 231 (용전리)
EC430011,REST_AREA,충주(창원),0,"",HIGH,0.118,충주휴게소 (창원방향) (급),C001,EC,하행,충주(양평),0.266,충청북도 충주시 중앙탑면 중부내륙고속도로 231
ME184147,REST_AREA,충주(창원),0,"",HIGH,0.223,충주(양평) 휴게소,C001,ME,하행,충주(양평),0.234,충청북도 충주시 중앙탑면 중부내륙고속도로 230
EC510003,REST_AREA,치악(부산),0,"",HIGH,0.089,치악휴게소 (부산방향) (급),C001,EC,상행,치악(춘천),0.261,강원특별자치도 원주시 신림면 치악로 416
ME22B601,REST_AREA,치악(부산),0,"",HIGH,0.101,치악(부산)휴게소,C001,ME,상행,치악(춘천),0.251,강원특별자치도 원주시 신림면 금창리 341-1
ME22C223,REST_AREA,치악(부산),0,"",HIGH,0.101,치악(부산)휴게소,C001,ME,상행,치악(춘천),0.251,강원특별자치도 원주시 신림면 금창리 341-1
ME22C403,REST_AREA,치악(춘천),0,"",HIGH,0.044,치악(춘천)휴게소,C001,ME,하행,치악(부산),0.308,강원특별자치도 원주시 신림면 금창리 다리실2길 32
EC510004,REST_AREA,치악(춘천),0,"",HIGH,0.053,치악휴게소 (춘천방향) (급),C001,EC,하행,치악(부산),0.302,강원특별자치도 원주시 신림면 다리실2길 32
ME21A908,REST_AREA,치악(춘천),0,"",HIGH,0.076,치악(춘천) 휴게소,C001,ME,하행,치악(부산),0.291,강원특별자치도 원주시 신림면 다리실2길 32
ME21A306,REST_AREA,칠곡(부산),0,"",HIGH,0.044,칠곡(부산) 휴게소,C001,ME,하행,칠곡(서울),0.855,경상북도 칠곡군 왜관읍 경부고속도로 159
CV004584,REST_AREA,칠곡(부산),0,"",HIGH,0.083,칠곡휴게소(부산방향),C001,CV,하행,칠곡(서울),0.972,경상북도 칠곡군 석적읍 경부고속도로 159
HD000007,REST_AREA,칠곡(부산),0,"",HIGH,0.088,칠곡휴게소 (부산방향) E-pit,C001,HD,하행,칠곡(서울),0.972,경상북도 칠곡군 왜관읍 경부고속도로 159
BE241236,REST_AREA,칠곡(서울),0,"",HIGH,0.023,워터 칠곡휴게소 서울방향,C001,BE,상행,칠곡(부산),0.876,경상북도 칠곡군 왜관읍 경부고속도로 158
ST478507,REST_AREA,칠곡(서울),0,"",HIGH,0.130,칠곡휴게소 (서울),C001,ST,상행,칠곡(부산),0.947,경상북도 칠곡군 왜관읍 경부고속도로 158
KP005386,REST_AREA,칠서(양평),0,"",HIGH,0.059,칠서휴게소(양평방향),C001,KP,상행,,,경상남도 함안군 칠서면 계룡로 122-1
CV004560,REST_AREA,칠서(양평),0,"",HIGH,0.076,칠서휴게소(양평방향),C001,CV,상행,,,"경상남도 함안군 칠서면 계내리 38,1356-4"
EC480008,REST_AREA,칠서(양평),0,"",HIGH,0.089,칠서휴게소 (양평방향) (급),C001,EC,상행,,,경상남도 함안군 칠서면 계룡로 122-1
ME22C238,REST_AREA,평사(부산),0,"",HIGH,0.173,평사(부산)휴게소,C001,ME,하행,,,경상북도 경산시 진량읍 평사리 171-2
ME22B620,REST_AREA,평사(부산),0,"",HIGH,0.178,평사(부산)휴게소,C001,ME,하행,,,경상북도 경산시 진량읍 경부고속도로 105
CV004566,REST_AREA,평사(부산),0,"",HIGH,0.197,평사휴게소(부산방향),C001,CV,하행,,,경상북도 경산시 진량읍 경부고속도로 105
ME18B118,REST_AREA,평창(강릉),0,"",HIGH,0.001,평창(강릉) 휴게소,C001,ME,하행,평창(인천),1.110,강원특별자치도 평창군 용평면 경강로 2159-58
BE241218,REST_AREA,평창(강릉),0,"",HIGH,0.009,워터 평창휴게소 강릉방향,C001,BE,하행,평창(인천),1.105,강원특별자치도 평창군 용평면 경강로 2159-58
KP005494,REST_AREA,평창(강릉),0,"",HIGH,0.011,평창휴게소 강릉방향,C001,KP,하행,평창(인천),1.100,강원특별자치도 평창군 용평면 경강로 2159-58
ME21D053,REST_AREA,평창(강릉),0,"",HIGH,0.083,평창(강릉) 휴게소,C001,ME,하행,평창(인천),1.031,강원특별자치도 평창군 용평면 경강로 2159-58
SGMAC012,REST_AREA,평창(인천),0,"",HIGH,0.052,평창휴게소(인천방향),C001,SG,상행,평창(강릉),1.063,강원특별자치도 평창군 용평면 탑거리길 63
ME21D054,REST_AREA,평창(인천),0,"",HIGH,0.054,평창(인천) 휴게소,C001,ME,상행,평창(강릉),1.060,강원특별자치도 평창군 용평면 탑거리길 63
BE241248,REST_AREA,함안(부산),0,"",HIGH,0.081,워터 함안휴게소 부산방향,C001,BE,상행,함안(순천),0.292,경상남도 함안군 군북면 현포로 205
HD000011,REST_AREA,함안(부산),0,"",HIGH,0.093,함안휴게소 (부산방향) E-pit,C001,HD,상행,함안(순천),0.119,경상남도 함안군 군북면 현포로 205
ST487302,REST_AREA,함안(순천),0,"",HIGH,0.091,함안휴게소 (순천),C001,ST,하행,함안(부산),0.156,경상남도 함안군 군북면 현포로 205-1
BE241249,REST_AREA,함안(순천),0,"",HIGH,0.100,워터 함안휴게소 순천방향,C001,BE,하행,함안(부산),0.310,경상남도 함안군 군북면 현포로 205-1
EC480009,REST_AREA,함양(대전),0,"",HIGH,0.045,함양휴게소 (대전방향) (급),C001,EC,상행,함양(통영),0.154,경상남도 함양군 지곡면 효산길 23-11
CV004730,REST_AREA,함양(대전),0,"",HIGH,0.047,함양휴게소(대전방향),C001,CV,상행,함양(통영),0.153,경상남도 함양군 지곡면 효산길 23-11
EC480010,REST_AREA,함양(통영),0,"",HIGH,0.069,함양휴게소 (통영방향) (급),C001,EC,하행,함양(대전),0.186,경상남도 함양군 지곡면 효산길 23-31
CV004729,REST_AREA,함양(통영),0,"",HIGH,0.074,함양휴게소(통영방향),C001,CV,하행,함양(대전),0.174,경상남도 함양군 지곡면 효산길 23-31
KP005311,REST_AREA,현풍(대구),0,"",HIGH,0.005,현풍휴게소(대구방면),C001,KP,상행,현풍(창원),0.248,대구광역시 달성군 현풍읍 비슬로 741
BE241250,REST_AREA,현풍(대구),0,"",HIGH,0.042,워터 현풍휴게소 대구방향,C001,BE,상행,현풍(창원),0.242,대구광역시 달성군 현풍읍 비슬로 741
PI530086,REST_AREA,현풍(대구),0,"",LOW,0.185,대구시 달성군 엘레강스모텔,E003,PI,상행,현풍(창원),0.433,대구광역시 달성군 현풍읍 현풍동로 198
CV001495,REST_AREA,현풍(대구),0,"",LOW,0.241,달성군민체육관,J007,CV,상행,현풍(창원),0.471,대구광역시 달성군 현풍읍 현풍중앙로 130
KP005312,REST_AREA,현풍(창원),0,"",HIGH,0.011,현풍휴게소(창원방면),C001,KP,하행,현풍(대구),0.253,대구광역시 달성군 현풍읍 성하길 48
BE241251,REST_AREA,현풍(창원),0,"",HIGH,0.035,워터 현풍휴게소 창원방향,C001,BE,하행,현풍(대구),0.215,대구광역시 달성군 현풍읍 성하길 48
EC440008,REST_AREA,홍성(목포),0,"",HIGH,0.057,홍성휴게소 (목포방향) (급),C001,EC,하행,홍성(서울),0.224,충청남도 홍성군 은하면 금국리 275-2
ME178032,REST_AREA,홍성(목포),0,"",HIGH,0.063,홍성(목포) 휴게소,C001,ME,하행,홍성(서울),0.205,충청남도 홍성군 은하면 서해안고속도로 221 (금국리)
ST601843,REST_AREA,홍성(목포),0,"",HIGH,0.076,홍성휴게소 (목포),C001,ST,하행,홍성(서울),0.202,충청남도 홍성군 은하면 서해안고속도로 221
ME184138,REST_AREA,홍성(목포),0,"",HIGH,0.085,홍성(목포) 휴게소,C001,ME,하행,홍성(서울),0.199,충청남도 홍성군 은하면 서해안고속도로 221
SGMAC052,REST_AREA,홍성(서울),0,"",HIGH,0.145,홍성휴게소(서울),C001,SG,상행,홍성(목포),0.239,충청남도 홍성군 은하면 서해안고속도로 220
ST448004,REST_AREA,홍성(서울),0,"",HIGH,0.166,홍성휴게소 (서울),C001,ST,상행,홍성(목포),0.236,충청남도 홍성군 은하면 서해안고속도로 220
ST427203,REST_AREA,홍천(서울),0,"",HIGH,0.013,홍천휴게소 (서울),C001,ST,상행,홍천(양양),0.348,강원특별자치도 홍천군 화촌면 서울양양고속도로 83
BE241219,REST_AREA,홍천(서울),0,"",HIGH,0.065,워터 홍천휴게소 서울방향,C001,BE,상행,홍천(양양),0.309,강원특별자치도 홍천군 화촌면 서울양양고속도로 83
KP005488,REST_AREA,홍천(양양),0,"",HIGH,0.097,홍천휴게소(양양방향),C001,KP,하행,홍천(서울),0.275,강원특별자치도 홍천군 화촌면 서울양양고속도로 84
BE241220,REST_AREA,홍천(양양),0,"",HIGH,0.113,워터 홍천휴게소 양양방향,C001,BE,하행,홍천(서울),0.262,강원특별자치도 홍천군 화촌면 서울양양고속도로 84
EC470008,REST_AREA,화서(영덕),0,"",HIGH,0.104,화서휴게소 (영덕방향) (급),C001,EC,상행,,,경상북도 상주시 화서면 터골길 51-25
ME18C149,REST_AREA,화서(영덕),0,"",HIGH,0.130,화서(상주) 휴게소,C001,ME,상행,,,경상북도 상주시 화서면 터골길 51-25
ME21A404,REST_AREA,화서(영덕),0,"",HIGH,0.141,화서(영덕) 휴게소,C001,ME,상행,,,경상북도 상주시 화서면 상용리 396-9
HD000004,REST_AREA,화성(목포),0,"",HIGH,0.261,화성휴게소 (목포방향) E-pit,C001,HD,하행,화성(서울),0.351,경기도 화성시 만세구 팔탄면 서해안고속도로 301
SGMAC051,REST_AREA,화성(목포),0,"",HIGH,0.272,화성휴게소(목포),C001,SG,하행,화성(서울),0.358,경기도 화성시 만세구 팔탄면 서해안고속도로 301
ME20D801,REST_AREA,화성(서울),0,"",HIGH,0.041,화성(서울) 휴게소,C001,ME,상행,화성(목포),0.209,경기도 화성시 만세구 팔탄면 서해안고속도로 302
ST601527,REST_AREA,화성(서울),0,"",HIGH,0.132,화성휴게소 (서울),C001,ST,상행,화성(목포),0.219,경기도 화성시 만세구 팔탄면 서해안고속도로 302
SGMAC022,REST_AREA,황간(부산),0,"",HIGH,0.081,황간휴게소(부산),C001,SG,하행,황간(서울),0.180,충청북도 영동군 황간면 회포길 102
ME21C274,REST_AREA,황간(서울),0,"",HIGH,0.099,황간(서울) 휴게소,C001,ME,상행,황간(부산),0.168,충청북도 영동군 황간면 회포리 117
ME22C148,REST_AREA,황간(서울),0,"",HIGH,0.102,황간(서울)휴게소,C001,ME,상행,황간(부산),0.187,충청북도 영동군 회포1길 65
ME178022,REST_AREA,황간(서울),0,"",HIGH,0.102,황간(서울) 휴게소,C001,ME,상행,황간(부산),0.187,충청북도 영동군 황간면 회포1길 65 (회포리)
ME22B342,REST_AREA,황간(서울),0,"",HIGH,0.102,황간(서울)휴게소,C001,ME,상행,황간(부산),0.187,충청북도 영동군 회포1길 65
ST461507,REST_AREA,황전(순천),0,"",HIGH,0.008,황전휴게소 (순천),C001,ST,하행,황전(완주),0.499,전남광주통합특별시 순천시 황전면 순천완주고속도로 25
SGMAC020,REST_AREA,황전(순천),0,"",HIGH,0.081,황전휴게소(순천),C001,SG,하행,황전(완주),0.553,전남광주통합특별시 순천시 황전면 순천완주고속도로 25
SGMAC050,REST_AREA,황전(완주),0,"",HIGH,0.004,황전휴게소(완주),C001,SG,상행,황전(순천),0.493,전남광주통합특별시 순천시 황전면 순천완주고속도로 28
ST461506,REST_AREA,황전(완주),0,"",HIGH,0.025,황전휴게소 (전주),C001,ST,상행,황전(순천),0.481,전남광주통합특별시 순천시 황전면 순천완주고속도로 28
BE241222,REST_AREA,횡성(강릉),0,"",HIGH,0.084,워터 횡성휴게소 강릉방향,C001,BE,하행,횡성(인천),0.199,강원특별자치도 횡성군 안흥면 영동고속도로 154-1
ME21D056,REST_AREA,횡성(강릉),0,"",HIGH,0.105,횡성(강릉) 휴게소,C001,ME,하행,횡성(인천),0.272,강원특별자치도 횡성군 안흥면 영동고속도로 154
HD000005,REST_AREA,횡성(강릉),0,"",HIGH,0.121,횡성휴게소 (강릉방향) E-pit,C001,HD,하행,횡성(인천),0.268,강원특별자치도 횡성군 안흥면 영동고속도로 154-2
ME18B122,REST_AREA,횡성(인천),0,"",HIGH,0.001,횡성(인천) 휴게소,C001,ME,상행,횡성(강릉),0.279,강원특별자치도 횡성군 안흥면 영동고속도로 153
ST427303,REST_AREA,횡성(인천),0,"",HIGH,0.004,횡성휴게소 (인천),C001,ST,상행,횡성(강릉),0.277,강원특별자치도 횡성군 안흥면 영동고속도로 153
ME21D055,REST_AREA,횡성(인천),0,"",HIGH,0.100,횡성(인천) 휴게소,C001,ME,상행,횡성(강릉),0.274,강원특별자치도 횡성군 안흥면 영동고속도로 153
